worker_id,episode,reward,win,win_rate,avg_loss,timestamp
2,1,-4.346749999999999,0,0.0,0.0,1768525755.459446
2,2,-6.673,0,0.0,0.0,1768525755.4654303
1,1,-4.8420000000000005,0,0.0,0.0,1768525756.017039
1,2,-4.4135,0,0.0,0.0,1768525756.022891
3,1,-4.747,0,0.0,0.0,1768525756.1188853
3,2,-4.97825,0,0.0,0.0,1768525756.1250753
0,1,-6.104,0,0.0,0.0,1768525756.5428796
0,2,-3.4407500000000004,0,0.0,0.0,1768525756.54817
2,3,-5.0055000000000005,0,0.0,0.0,1768525758.7547932
2,4,-5.88475,0,0.0,0.0,1768525758.759733
1,3,-4.88275,0,0.0,0.0,1768525759.2421262
1,4,-5.0915,0,0.0,0.0,1768525759.2488053
3,3,-2.713,0,0.0,0.0,1768525759.415776
3,4,-4.60275,0,0.0,0.0,1768525759.4214804
0,3,-4.8125,0,0.0,0.0,1768525759.827306
0,4,-4.9037500000000005,0,0.0,0.0,1768525759.8329642
2,5,-4.8795,0,0.0,0.0,1768525762.2912157
2,6,-4.7010000000000005,0,0.0,0.0,1768525762.3082469
3,5,-5.0015,0,0.0,0.0,1768525762.6956096
3,6,-4.07925,0,0.0,0.0,1768525762.7079763
1,5,-4.11325,0,0.0,0.0,1768525762.7363405
1,6,-3.9170000000000003,0,0.0,0.0,1768525762.7517693
0,5,-3.70175,0,0.0,0.0,1768525763.33687
0,6,-5.5169999999999995,0,0.0,0.0,1768525763.3555918
2,7,-6.163749999999999,0,0.0,0.0,1768525765.827676
2,8,-6.73075,0,0.0,0.0,1768525765.8411777
3,7,-4.5329999999999995,0,0.0,0.0,1768525766.1937947
3,8,-3.16575,0,0.0,0.0,1768525766.2048936
1,7,-4.9565,0,0.0,0.0,1768525766.2315633
1,8,-5.2379999999999995,0,0.0,0.0,1768525766.2472181
0,7,-4.351999999999999,0,0.0,0.0,1768525766.6690402
0,8,-6.058,0,0.0,0.0,1768525766.6813915
2,9,-4.068499999999999,0,0.0,0.0,1768525769.3047218
2,10,-5.642,0,0.0,0.0,1768525769.3176484
3,9,-5.1225,0,0.0,0.0,1768525769.723384
3,10,-4.27075,0,0.0,0.0,1768525769.7375064
1,9,-5.55125,0,0.0,0.0,1768525769.786109
1,10,-4.931,0,0.0,0.0,1768525769.799641
0,9,-6.64025,0,0.0,0.0,1768525770.1109047
0,10,-3.9515000000000002,0,0.0,0.0,1768525770.12585
2,1,-3.3782499999999995,0,0.0,0.0,1768531727.2646203
2,2,-5.7565,0,0.0,0.0,1768531727.2700734
1,1,-4.642,0,0.0,0.0,1768531727.3571653
1,2,-4.642,0,0.0,0.0,1768531727.3628452
3,1,-3.9767500000000005,0,0.0,0.0,1768531727.646197
3,2,-5.17575,0,0.0,0.0,1768531727.6511707
0,1,-5.71625,0,0.0,0.0,1768531728.0207484
0,2,-3.2782500000000008,0,0.0,0.0,1768531728.026517
2,3,-4.139499999999999,0,0.0,0.0,1768531730.4376397
2,4,-4.1625,0,0.0,0.0,1768531730.4427276
1,3,-4.071,0,0.0,0.0,1768531730.599666
1,4,-4.82575,0,0.0,0.0,1768531730.6047833
3,3,-4.09875,0,0.0,0.0,1768531730.938063
3,4,-3.8387500000000006,0,0.0,0.0,1768531730.944414
0,3,-4.3075,0,0.0,0.0,1768531731.3325477
0,4,-3.85625,0,0.0,0.0,1768531731.3372138
2,5,-4.909,0,0.0,0.0,1768531733.7690253
2,6,-6.13875,0,0.0,0.0,1768531733.7831385
1,5,-4.413749999999999,0,0.0,0.0,1768531733.8366566
1,6,-4.23225,0,0.0,0.0,1768531733.8479831
3,5,-4.1652499999999995,0,0.0,0.0,1768531734.3880458
3,6,-4.506,0,0.0,0.0,1768531734.4050174
0,5,-4.9565,0,0.0,0.0,1768531734.7653284
0,6,-5.3545,0,0.0,0.0,1768531734.7812831
2,7,-4.572,0,0.0,0.0,1768531737.11929
2,8,-4.476249999999999,0,0.0,0.0,1768531737.1352408
1,7,-4.46075,0,0.0,0.0,1768531737.211936
1,8,-5.089499999999999,0,0.0,0.0,1768531737.2283611
3,7,-5.099749999999999,0,0.0,0.0,1768531737.7380295
3,8,-3.8685000000000005,0,0.0,0.0,1768531737.7523844
0,7,-4.57775,0,0.0,0.0,1768531738.2181418
0,8,-5.224499999999999,0,0.0,0.0,1768531738.2361648
2,9,-3.3095,0,0.0,0.0,1768531740.4117703
2,10,-4.8020000000000005,0,0.0,0.0,1768531740.4259286
1,9,-4.77975,0,0.0,0.0,1768531740.5056741
1,10,-4.2365,0,0.0,0.0,1768531740.5218074
3,9,-3.131,0,0.0,0.0,1768531741.0381176
3,10,-6.7315,0,0.0,0.0,1768531741.0509043
0,9,-4.209499999999999,0,0.0,0.0,1768531741.5741937
0,10,-3.3442499999999997,0,0.0,0.0,1768531741.5891736
2,1,-4.025,0,0.0,0.0,1768531928.3514316
2,2,-6.04075,0,0.0,0.0,1768531928.3589635
1,1,-4.642,0,0.0,0.0,1768531928.4778585
1,2,-4.61925,0,0.0,0.0,1768531928.485249
0,1,-5.49275,0,0.0,0.0,1768531929.0122218
0,2,-3.560250000000001,0,0.0,0.0,1768531929.0191302
3,1,-3.9730000000000003,0,0.0,0.0,1768531929.0621963
3,2,-5.2139999999999995,0,0.0,0.0,1768531929.0680912
2,3,-4.58775,0,0.0,0.0,1768531931.8423722
2,4,-5.30725,0,0.0,0.0,1768531931.856679
1,3,-3.64675,0,0.0,0.0,1768531932.0060916
1,4,-3.8970000000000002,0,0.0,0.0,1768531932.011568
0,3,-4.35375,0,0.0,0.0,1768531932.401199
0,4,-6.7065,0,0.0,0.0,1768531932.4055138
3,3,-4.641500000000001,0,0.0,0.0,1768531932.7699714
3,4,-4.1674999999999995,0,0.0,0.0,1768531932.7761285
2,5,-5.114749999999999,0,0.0,0.0,1768531935.3493133
2,6,-5.5035,0,0.0,0.0,1768531935.364847
1,5,-4.54625,0,0.0,0.0,1768531935.6279645
1,6,-3.8362500000000006,0,0.0,0.0,1768531935.6406384
0,5,-5.135249999999999,0,0.0,0.0,1768531935.803233
0,6,-4.5235,0,0.0,0.0,1768531935.8181243
3,5,-5.4245,0,0.0,0.0,1768531936.3756776
3,6,-6.656,0,0.0,0.0,1768531936.392582
2,7,-4.08775,0,0.0,0.0,1768531938.718303
2,8,-4.042249999999999,0,0.0,0.0,1768531938.734677
1,7,-3.9697499999999994,0,0.0,0.0,1768531939.0114524
1,8,-5.43875,0,0.0,0.0,1768531939.0273576
0,7,-3.91175,0,0.0,0.0,1768531939.1339478
0,8,-6.714,0,0.0,0.0,1768531939.1461558
3,7,-4.02825,0,0.0,0.0,1768531939.6212683
3,8,-4.882000000000001,0,0.0,0.0,1768531939.6391819
2,9,-4.051749999999999,0,0.0,0.0,1768531942.3727524
2,10,-4.58725,0,0.0,0.0,1768531942.390979
1,9,-4.172999999999999,0,0.0,0.0,1768531942.6888194
1,10,-4.5235,0,0.0,0.0,1768531942.7023456
0,9,-4.41625,0,0.0,0.0,1768531942.9007359
0,10,-5.12425,0,0.0,0.0,1768531942.915004
3,9,-4.4795,0,0.0,0.0,1768531943.2336812
3,10,-4.291,0,0.0,0.0,1768531943.2451608
2,1,-5.066,0,0.0,0.0,1768558000.760811
2,2,-6.7135,0,0.0,0.0,1768558000.7671592
1,1,-4.642,0,0.0,0.0,1768558000.8131726
1,2,-4.4135,0,0.0,0.0,1768558000.8176672
3,1,-4.3302499999999995,0,0.0,0.0,1768558001.2885711
3,2,-4.58625,0,0.0,0.0,1768558001.294112
0,1,-4.88625,0,0.0,0.0,1768558001.4676237
0,2,-2.923750000000001,0,0.0,0.0,1768558001.4737847
1,3,-4.87825,0,0.0,0.0,1768558003.9709604
1,4,-4.452,0,0.0,0.0,1768558003.9800618
2,3,-4.28575,0,0.0,0.0,1768558004.0533237
2,4,-5.1114999999999995,0,0.0,0.0,1768558004.0588334
3,3,-3.8145000000000007,0,0.0,0.0,1768558004.5665188
3,4,-4.913250000000001,0,0.0,0.0,1768558004.5715756
0,3,-4.555,0,0.0,0.0,1768558004.59771
0,4,-4.515,0,0.0,0.0,1768558004.6037555
1,5,-4.9695,0,0.0,0.0,1768558007.3013713
1,6,-5.310499999999999,0,0.0,0.0,1768558007.3144667
2,5,-5.1525,0,0.0,0.0,1768558007.3680077
2,6,-5.76875,0,0.0,0.0,1768558007.3783429
3,5,-4.94775,0,0.0,0.0,1768558007.9161909
3,6,-5.8790000000000004,0,0.0,0.0,1768558007.9314017
0,5,-4.22,0,0.0,0.0,1768558008.0093548
0,6,-5.32275,0,0.0,0.0,1768558008.0228584
1,1,-4.644,0,0.0,0.0,1768558025.345734
1,2,-4.61925,0,0.0,0.0,1768558025.3516085
2,1,-4.171749999999999,0,0.0,0.0,1768558025.7820342
2,2,-6.713,0,0.0,0.0,1768558025.7877645
0,1,-4.892250000000001,0,0.0,0.0,1768558025.9644427
0,2,-2.1905000000000006,0,0.0,0.0,1768558025.9691358
3,1,-4.147749999999999,0,0.0,0.0,1768558026.307939
3,2,-5.0512500000000005,0,0.0,0.0,1768558026.313404
1,3,-4.2565,0,0.0,0.0,1768558028.7122245
1,4,-5.40475,0,0.0,0.0,1768558028.71677
2,3,-6.50475,0,0.0,0.0,1768558028.938088
2,4,-4.886,0,0.0,0.0,1768558028.9442873
0,3,-4.33425,0,0.0,0.0,1768558029.1787474
0,4,-6.31225,0,0.0,0.0,1768558029.1887217
3,3,-4.63725,0,0.0,0.0,1768558029.550285
3,4,-2.87375,0,0.0,0.0,1768558029.5551696
1,5,-4.273499999999999,0,0.0,0.0,1768558031.9967196
1,6,-3.962,0,0.0,0.0,1768558032.0090194
2,5,-4.5577499999999995,0,0.0,0.0,1768558032.239594
2,6,-5.076,0,0.0,0.0,1768558032.2562845
0,5,-6.108750000000001,0,0.0,0.0,1768558032.487131
0,6,-4.59,0,0.0,0.0,1768558032.502412
3,5,-4.146,0,0.0,0.0,1768558032.9416459
3,6,-4.0405,0,0.0,0.0,1768558032.9567645
1,7,-5.234999999999999,0,0.0,0.0,1768558035.3147004
1,8,-3.71925,0,0.0,0.0,1768558035.3286836
2,7,-4.5489999999999995,0,0.0,0.0,1768558035.588712
2,8,-5.71775,0,0.0,0.0,1768558035.601354
0,7,-4.3614999999999995,0,0.0,0.0,1768558035.8308492
0,8,-6.70025,0,0.0,0.0,1768558035.8460062
3,7,-5.46575,0,0.0,0.0,1768558036.1389728
3,8,-2.84575,0,0.0,0.0,1768558036.1545446
1,9,-3.479,0,0.0,0.0,1768558038.5753398
1,10,-3.9355,0,0.0,0.0,1768558038.5889869
2,9,-4.48475,0,0.0,0.0,1768558039.0271292
2,10,-5.8615,0,0.0,0.0,1768558039.0410252
0,9,-5.7285,0,0.0,0.0,1768558039.2976792
0,10,-5.6635,0,0.0,0.0,1768558039.312482
3,9,-3.3467499999999997,0,0.0,0.0,1768558039.4917853
3,10,-6.55,0,0.0,0.0,1768558039.5133715
1,1,-4.8420000000000005,0,0.0,0.0,1768558128.1637197
1,2,-4.4155,0,0.0,0.0,1768558128.168443
0,1,-5.278499999999999,0,0.0,0.0,1768558128.7737334
0,2,-2.2255000000000003,0,0.0,0.0,1768558128.7798455
1,3,-4.606,0,0.0,0.0,1768558130.8948073
1,4,-4.0655,0,0.0,0.0,1768558130.9004118
0,3,-4.2025,0,0.0,0.0,1768558131.5897415
0,4,-5.34925,0,0.0,0.0,1768558131.5951624
1,5,-4.52825,0,0.0,0.0,1768558133.6878893
1,6,-6.731,0,0.0,0.0,1768558133.7009735
0,5,-5.13075,0,0.0,0.0,1768558134.5647488
0,6,-4.5504999999999995,0,0.0,0.0,1768558134.578706
1,7,-4.32925,0,0.0,0.0,1768558136.6656008
1,8,-5.14075,0,0.0,0.0,1768558136.6827917
0,7,-4.077999999999999,0,0.0,0.0,1768558137.3273964
0,8,-4.452,0,0.0,0.0,1768558137.3403509
1,9,-4.36275,0,0.0,0.0,1768558139.6600962
1,10,-4.708,0,0.0,0.0,1768558139.6822326
0,9,-4.71175,0,0.0,0.0,1768558140.2652514
0,10,-6.6845,0,0.0,0.0,1768558140.2799432
1,11,-4.46625,0,0.0,2.9691577836086878,1768558766.4686763
1,12,-4.571,0,0.0,2.9691577836086878,1768558766.4808893
0,11,-4.087,0,0.0,2.9730427265167236,1768558770.6363678
0,12,-5.33875,0,0.0,2.9730427265167236,1768558770.6476474
1,13,-4.9435,0,0.0,2.6857451688159597,1768558845.6319828
1,14,-4.6685,0,0.0,2.6857451688159597,1768558845.6419616
0,13,-4.31825,0,0.0,2.6638423726799783,1768558851.8215375
0,14,-4.994750000000001,0,0.0,2.6638423726799783,1768558851.8375053
1,15,-6.61325,0,0.0,2.370160176753998,1768558928.7278
1,16,-4.69375,0,0.0,2.370160176753998,1768558928.7438824
0,15,-3.9072500000000003,0,0.0,2.373715753555298,1768558933.6047049
0,16,-4.536,0,0.0,2.373715753555298,1768558933.6169026
1,17,-4.521,0,0.0,2.2321123385429384,1768559010.627726
1,18,-3.90125,0,0.0,2.2321123385429384,1768559010.6397085
0,17,-6.7379999999999995,0,0.0,2.296030776500702,1768559017.4238892
0,18,-5.5355,0,0.0,2.296030776500702,1768559017.4357271
1,19,-3.7407500000000002,0,0.0,2.175197112560272,1768559094.4187505
1,20,-4.0947499999999994,0,0.0,2.175197112560272,1768559094.4334486
0,19,-6.28175,0,0.0,2.2599532866477965,1768559101.335865
0,20,-3.8405000000000005,0,0.0,2.2599532866477965,1768559101.3480332
1,21,-4.526,0,0.0,2.1552165579795837,1768559178.1139066
1,22,-4.56275,0,0.0,2.1552165579795837,1768559178.1266074
0,21,-4.5504999999999995,0,0.0,2.2457492971420288,1768559185.9348567
0,22,-6.73025,0,0.0,2.2457492971420288,1768559185.9522822
1,23,-4.705,0,0.0,2.1502910506725312,1768559260.1076593
1,24,-5.019500000000001,0,0.0,2.1502910506725312,1768559260.11947
0,23,-6.015750000000001,0,0.0,2.2471762442588807,1768559271.7709115
0,24,-5.101249999999999,0,0.0,2.2471762442588807,1768559271.7811406
1,25,-6.59925,0,0.0,2.129059851169586,1768559346.0337913
1,26,-4.327999999999999,0,0.0,2.129059851169586,1768559346.0435495
0,25,-6.718999999999999,0,0.0,2.2451352214813234,1768559356.2681985
0,26,-4.7575,0,0.0,2.2451352214813234,1768559356.2799623
1,27,-4.74875,0,0.0,2.1116797029972076,1768559428.0961266
1,28,-5.342,0,0.0,2.1116797029972076,1768559428.1066635
0,27,-4.4502500000000005,0,0.0,2.2458731651306154,1768559440.7307932
0,28,-5.58075,0,0.0,2.2458731651306154,1768559440.7425184
1,29,-5.0025,0,0.0,2.105759698152542,1768559512.1546297
1,30,-5.74425,0,0.0,2.105759698152542,1768559512.1648207
0,29,-3.9520000000000004,0,0.0,2.2441011691093444,1768559527.3481994
0,30,-4.63875,0,0.0,2.2441011691093444,1768559527.3579733
1,31,-5.2585,0,0.0,2.092966114282608,1768559595.662496
1,32,-4.3942499999999995,0,0.0,2.092966114282608,1768559595.6766787
0,31,-4.422,0,0.0,2.241715581417084,1768559613.2946868
0,32,-3.89675,0,0.0,2.241715581417084,1768559613.3049812
1,33,-3.702,0,0.0,2.0809055161476135,1768559679.489333
1,34,-4.531499999999999,0,0.0,2.0809055161476135,1768559679.4997976
0,33,-4.23175,0,0.0,2.2220002794265747,1768559697.5957587
0,34,-4.449,0,0.0,2.2220002794265747,1768559697.6059475
1,35,-3.9050000000000002,0,0.0,2.079364230632782,1768559763.2224674
1,36,-4.421,0,0.0,2.079364230632782,1768559763.2349002
0,35,-6.15775,0,0.0,2.2077966356277465,1768559784.3087611
0,36,-4.817,0,0.0,2.2077966356277465,1768559784.321579
1,37,-5.0897499999999996,0,0.0,2.0892835557460785,1768559847.5733488
1,38,-5.35725,0,0.0,2.0892835557460785,1768559847.5856228
0,37,-6.26075,0,0.0,2.2113435864448547,1768559868.5321045
0,38,-4.184749999999999,0,0.0,2.2113435864448547,1768559868.5425549
1,39,-5.04,0,0.0,2.101186467409134,1768559931.7323728
1,40,-3.70175,0,0.0,2.101186467409134,1768559931.7440243
0,39,-4.47925,0,0.0,2.212993619441986,1768559954.6764188
0,40,-3.3127499999999994,0,0.0,2.212993619441986,1768559954.68976
1,41,-4.73175,0,0.0,2.0764898347854612,1768560015.6199882
1,42,-4.49825,0,0.0,2.0764898347854612,1768560015.6305757
0,41,-6.4845,0,0.0,2.2175599265098573,1768560039.7074547
0,42,-6.70925,0,0.0,2.2175599265098573,1768560041.5001667
1,43,-5.5305,0,0.0,2.0732557332515715,1768560099.6492963
1,44,-4.4975000000000005,0,0.0,2.0732557332515715,1768560099.6612954
0,43,-4.411,0,0.0,2.220009424686432,1768560126.0255954
0,44,-4.2695,0,0.0,2.220009424686432,1768560126.0371165
1,45,-4.819000000000001,0,0.0,2.096207139492035,1768560185.0225472
1,46,-4.1285,0,0.0,2.096207139492035,1768560185.0345054
0,45,-3.6370000000000005,0,0.0,2.226111524105072,1768560211.4781504
0,46,-6.70875,0,0.0,2.226111524105072,1768560211.4892855
1,47,-4.992999999999999,0,0.0,2.09287833571434,1768560268.3807468
1,48,-4.92825,0,0.0,2.09287833571434,1768560268.3925738
0,47,-6.261749999999999,0,0.0,2.2207604098320006,1768560295.0058522
0,48,-3.51875,0,0.0,2.2207604098320006,1768560295.0183856
1,49,-5.02125,0,0.0,2.0826063883304595,1768560351.9212773
1,50,-4.65825,0,0.0,2.0826063883304595,1768560351.9317153
0,49,-4.6175,0,0.0,2.2267154598236085,1768560378.9260833
0,50,-4.492,0,0.0,2.2267154598236085,1768560378.9365911
1,51,-5.55525,0,0.0,2.087398736476898,1768560435.152712
1,52,-4.66825,0,0.0,2.087398736476898,1768560435.165739
0,51,-4.40375,0,0.0,2.234501404762268,1768560464.1104789
0,52,-5.09,0,0.0,2.234501404762268,1768560464.1223872
1,53,-4.687,0,0.0,2.1239404594898224,1768560518.6978981
1,54,-5.1495,0,0.0,2.1239404594898224,1768560518.7081244
0,53,-4.81875,0,0.0,2.2160421299934385,1768560547.495276
0,54,-6.687749999999999,0,0.0,2.2160421299934385,1768560547.510909
1,55,-4.38275,0,0.0,2.1333517718315123,1768560602.1874964
1,56,-4.41625,0,0.0,2.1333517718315123,1768560602.2003067
0,55,-4.96175,0,0.0,2.193563451766968,1768560631.447073
0,56,-5.875500000000001,0,0.0,2.193563451766968,1768560631.4596972
1,57,-4.32125,0,0.0,2.1105310845375063,1768560685.746238
1,58,-4.44975,0,0.0,2.1105310845375063,1768560685.7595944
0,57,-3.3895,0,0.0,2.206391034126282,1768560717.1474354
0,58,-6.10275,0,0.0,2.206391034126282,1768560717.158136
1,59,-6.74975,0,0.0,2.128568125963211,1768560769.0022674
1,60,-5.02875,0,0.0,2.128568125963211,1768560769.014487
0,59,-3.5767499999999997,0,0.0,2.2239396476745608,1768560801.096303
0,60,-4.971500000000001,0,0.0,2.2239396476745608,1768560801.1085224
1,61,-6.6925,0,0.0,2.1412237775325775,1768560854.5057242
1,62,-3.78475,0,0.0,2.1412237775325775,1768560854.5184133
0,61,-4.46875,0,0.0,2.2190427350997926,1768560886.7083998
0,62,-5.08425,0,0.0,2.2190427350997926,1768560886.7193682
1,63,-3.3339999999999996,0,0.0,2.1312143874168394,1768560938.5473032
1,64,-4.909750000000001,0,0.0,2.1312143874168394,1768560938.5578227
0,63,-4.7205,0,0.0,2.211548306941986,1768560970.5702467
0,64,-4.5145,0,0.0,2.211548306941986,1768560970.5815992
1,65,-4.35525,0,0.0,2.136468292474747,1768561024.073885
1,66,-6.6625,0,0.0,2.136468292474747,1768561024.085946
0,65,-4.609,0,0.0,2.2080412483215333,1768561056.4253452
0,66,-4.92,0,0.0,2.2080412483215333,1768561056.436673
1,67,-4.393,0,0.0,2.1344276320934297,1768561107.8112097
1,68,-6.0832500000000005,0,0.0,2.1344276320934297,1768561107.8251736
0,67,-4.81025,0,0.0,2.2092572450637817,1768561140.5769053
0,68,-5.9350000000000005,0,0.0,2.2092572450637817,1768561140.5932136
1,69,-4.2955,0,0.0,2.114066287279129,1768561191.4666827
1,70,-4.2995,0,0.0,2.114066287279129,1768561191.4790967
0,69,-5.49125,0,0.0,2.219515085220337,1768561226.6512187
0,70,-4.81125,0,0.0,2.219515085220337,1768561226.6655638
1,71,-4.982749999999999,0,0.0,2.1154174220561983,1768561274.9902878
1,72,-4.3222499999999995,0,0.0,2.1154174220561983,1768561275.0052347
0,71,-4.719,0,0.0,2.2132374477386474,1768561312.8267012
0,72,-5.240749999999999,0,0.0,2.2132374477386474,1768561312.837262
1,73,-4.82075,0,0.0,2.1495078587532044,1768561358.763183
1,74,-4.538,0,0.0,2.1495078587532044,1768561358.7747922
0,73,-5.31,0,0.0,2.2023547196388247,1768561398.5937126
0,74,-4.7,0,0.0,2.2023547196388247,1768561398.6084852
1,75,-4.40475,0,0.0,2.1590275418758393,1768561442.373243
1,76,-4.2705,0,0.0,2.1590275418758393,1768561442.385927
0,75,-6.742,0,0.0,2.209157726764679,1768561484.5637825
0,76,-4.71075,0,0.0,2.209157726764679,1768561484.5762727
1,77,-4.467,0,0.0,2.1423670041561125,1768561527.5414379
1,78,-6.72925,0,0.0,2.1423670041561125,1768561527.5535743
0,77,-3.4785,0,0.0,2.224489777088165,1768561570.3011317
0,78,-6.487,0,0.0,2.224489777088165,1768561570.3116143
1,79,-4.0817499999999995,0,0.0,2.1249145567417145,1768561610.5689435
1,80,-4.5935,0,0.0,2.1249145567417145,1768561610.5813003
0,79,-4.0785,0,0.0,2.2260513973236082,1768561654.2147038
0,80,-4.29075,0,0.0,2.2260513973236082,1768561654.2253737
1,81,-3.8987500000000006,0,0.0,2.1423713362216947,1768561694.7205791
1,82,-6.698,0,0.0,2.1423713362216947,1768561694.7318945
0,81,-6.29625,0,0.0,2.2320256495475768,1768561740.2592473
0,82,-6.245749999999999,0,0.0,2.2320256495475768,1768561740.2716224
1,83,-4.2395,0,0.0,2.129675421714783,1768561780.3353276
1,84,-5.7105,0,0.0,2.129675421714783,1768561780.3476746
0,83,-4.87375,0,0.0,2.229596860408783,1768561824.7234776
0,84,-5.7059999999999995,0,0.0,2.229596860408783,1768561824.7363172
1,85,-4.46375,0,0.0,2.1322024619579314,1768561864.4700272
1,86,-5.03275,0,0.0,2.1322024619579314,1768561864.4829588
0,85,-4.43925,0,0.0,2.2277719020843505,1768561908.801504
0,86,-4.9597500000000005,0,0.0,2.2277719020843505,1768561908.8142805
1,87,-4.13275,0,0.0,2.152108083963394,1768561946.8105044
1,88,-4.088749999999999,0,0.0,2.152108083963394,1768561946.8231955
0,87,-6.09075,0,0.0,2.2293409872055054,1768561995.3782406
0,88,-4.70325,0,0.0,2.2293409872055054,1768561995.391145
1,89,-4.69675,0,0.0,2.141986309289932,1768562030.7638676
1,90,-4.04575,0,0.0,2.141986309289932,1768562030.7753406
0,89,-4.46075,0,0.0,2.2031677913665773,1768562080.5035536
0,90,-4.5032499999999995,0,0.0,2.2031677913665773,1768562080.5142906
1,91,-4.50975,0,0.0,2.148831512928009,1768562113.1578875
1,92,-4.234999999999999,0,0.0,2.148831512928009,1768562113.1741202
0,91,-4.6905,0,0.0,2.188407926559448,1768562165.1254876
0,92,-4.185,0,0.0,2.188407926559448,1768562165.1376543
1,93,-4.101249999999999,0,0.0,2.153638268709183,1768562197.4526021
1,94,-4.68525,0,0.0,2.153638268709183,1768562197.464443
0,93,-5.038,0,0.0,2.1927587151527406,1768562249.5864415
0,94,-5.577,0,0.0,2.1927587151527406,1768562249.5979214
1,95,-3.9885,0,0.0,2.1541087901592255,1768562281.8618915
1,96,-5.7625,0,0.0,2.1541087901592255,1768562281.8722522
0,95,-3.68175,0,0.0,2.2020469284057618,1768562333.9896176
0,96,-4.65825,0,0.0,2.2020469284057618,1768562334.0004103
1,97,-4.29125,0,0.0,2.1308790159225466,1768562366.409682
1,98,-4.965,0,0.0,2.1308790159225466,1768562366.4222236
0,97,-4.93775,0,0.0,2.191731877326965,1768562416.4389062
0,98,-4.297499999999999,0,0.0,2.191731877326965,1768562416.4499643
1,99,-5.771,0,0.0,2.1307421529293062,1768562448.4604402
1,100,-5.41875,0,0.0,2.1307421529293062,1768562448.4706345
0,99,-4.91525,0,0.0,2.2098044681549074,1768562500.8477736
0,100,-6.034000000000001,0,0.0,2.2098044681549074,1768562500.8627026
1,101,-4.481,0,0.0,2.163454564809799,1768562530.3927572
1,102,-3.71575,0,0.0,2.163454564809799,1768562530.4037032
0,101,-4.130249999999999,0,0.0,2.2208869433403016,1768562585.2374196
0,102,-6.60925,0,0.0,2.2208869433403016,1768562585.2482824
1,103,-4.979,0,0.0,2.1561895275115965,1768562615.0199618
1,104,-4.6935,0,0.0,2.1561895275115965,1768562615.0314035
0,103,-4.944500000000001,0,0.0,2.175796434879303,1768562669.944266
0,104,-4.692,0,0.0,2.175796434879303,1768562669.9563384
1,105,-6.67325,0,0.0,2.141330931186676,1768562699.5811527
1,106,-3.3067499999999996,0,0.0,2.141330931186676,1768562699.5918913
0,105,-6.744,0,0.0,2.1682380056381225,1768562755.158397
0,106,-4.70275,0,0.0,2.1682380056381225,1768562755.1704173
1,107,-6.0520000000000005,0,0.0,2.155712343454361,1768562781.6824822
1,108,-5.2565,0,0.0,2.155712343454361,1768562781.6954832
0,107,-4.266249999999999,0,0.0,2.1862477588653566,1768562839.891906
0,108,-5.31975,0,0.0,2.1862477588653566,1768562839.906223
1,109,-4.489,0,0.0,2.1513466560840606,1768562866.3568666
1,110,-4.176,0,0.0,2.1513466560840606,1768562866.3681774
0,109,-4.302499999999999,0,0.0,2.1834630262851715,1768562924.418342
0,110,-4.59975,0,0.0,2.1834630262851715,1768562924.4294262
1,111,-4.70825,0,0.0,2.1131716918945314,1768562951.3603296
1,112,-4.280749999999999,0,0.0,2.1131716918945314,1768562951.3718789
0,111,-4.639,0,0.0,2.195563712120056,1768563010.403685
0,112,-4.07775,0,0.0,2.195563712120056,1768563010.414699
1,113,-3.6885000000000003,0,0.0,2.1094873559474947,1768563035.4391873
1,114,-4.15025,0,0.0,2.1094873559474947,1768563035.4500144
0,113,-4.3454999999999995,0,0.0,2.198124359846115,1768563096.3719165
0,114,-6.737,0,0.0,2.198124359846115,1768563096.3859599
1,115,-5.1259999999999994,0,0.0,2.137142754793167,1768563121.6083648
1,116,-5.2645,0,0.0,2.137142754793167,1768563121.6187027
0,115,-5.42325,0,0.0,2.185606424808502,1768563182.6428077
0,116,-4.06,0,0.0,2.185606424808502,1768563182.6573927
1,117,-3.8425000000000002,0,0.0,2.144111932516098,1768563207.5581458
1,118,-3.918,0,0.0,2.144111932516098,1768563207.5716438
0,117,-5.167,0,0.0,2.172553504705429,1768563270.9303093
0,118,-3.7190000000000003,0,0.0,2.172553504705429,1768563270.943768
1,119,-5.5035,0,0.0,2.144689781665802,1768563299.0189984
1,120,-4.07475,0,0.0,2.144689781665802,1768563299.0292675
0,119,-4.6835,0,0.0,2.1862075662612916,1768563362.9797435
0,120,-3.3714999999999997,0,0.0,2.1862075662612916,1768563362.994495
1,121,-5.483,0,0.0,2.1293675780296324,1768563388.443588
1,122,-3.6705,0,0.0,2.1293675780296324,1768563388.4535778
0,121,-4.81575,0,0.0,2.2130852353572847,1768563452.3846881
0,122,-5.135,0,0.0,2.2130852353572847,1768563452.396818
1,123,-4.6935,0,0.0,2.130863220691681,1768563477.3310583
1,124,-6.2775,0,0.0,2.130863220691681,1768563477.3477755
0,123,-4.5305,0,0.0,2.2097171533107756,1768563543.3019576
0,124,-4.28275,0,0.0,2.2097171533107756,1768563543.313771
1,125,-4.9110000000000005,0,0.0,2.1505174231529236,1768563567.689196
1,126,-4.0425,0,0.0,2.1505174231529236,1768563567.7005742
0,125,-4.98575,0,0.0,2.1840197145938873,1768563634.2235386
0,126,-6.641249999999999,0,0.0,2.1840197145938873,1768563634.2391875
1,127,-2.69325,0,0.0,2.14186009645462,1768563656.6440096
1,128,-3.41775,0,0.0,2.14186009645462,1768563656.6571665
0,127,-3.8145000000000002,0,0.0,2.181899527311325,1768563725.959187
0,128,-6.170249999999999,0,0.0,2.181899527311325,1768563725.9727886
1,129,-3.4385,0,0.0,2.133102895021439,1768563745.6968262
1,130,-3.9122500000000002,0,0.0,2.133102895021439,1768563745.7075627
0,129,-4.27,0,0.0,2.1959599483013155,1768563818.0905688
0,130,-3.14525,0,0.0,2.1959599483013155,1768563818.1020737
1,131,-4.49175,0,0.0,2.1201508045196533,1768563834.9134126
1,132,-4.55,0,0.0,2.1201508045196533,1768563834.9240866
0,131,-6.72275,0,0.0,2.196032695770264,1768563910.6361036
0,132,-4.5895,0,0.0,2.196032695770264,1768563910.647328
1,133,-4.7955000000000005,0,0.0,2.120261095762253,1768563924.9862015
1,134,-4.8572500000000005,0,0.0,2.120261095762253,1768563924.997123
0,133,-5.26675,0,0.0,2.205087833404541,1768564000.9339266
0,134,-3.47125,0,0.0,2.205087833404541,1768564000.9468904
1,135,-4.1865,0,0.0,2.146997584104538,1768564016.9318173
1,136,-3.8662500000000004,0,0.0,2.146997584104538,1768564016.9474852
0,135,-5.334499999999999,0,0.0,2.19991681098938,1768564092.675494
0,136,-4.52825,0,0.0,2.19991681098938,1768564092.6877599
1,137,-6.696,0,0.0,2.1548704469203948,1768564106.6060941
1,138,-3.8372500000000005,0,0.0,2.1548704469203948,1768564106.6184318
0,137,-5.064,0,0.0,2.1906569242477416,1768564183.7977557
0,138,-4.61275,0,0.0,2.1906569242477416,1768564183.8087282
1,139,-4.79425,0,0.0,2.167239227294922,1768564197.5396044
1,140,-3.4457500000000003,0,0.0,2.167239227294922,1768564197.551994
0,139,-3.89175,0,0.0,2.1991550016403196,1768564276.113308
0,140,-5.10725,0,0.0,2.1991550016403196,1768564276.1289687
1,141,-4.4485,0,0.0,2.1546007084846495,1768564287.151906
1,142,-4.489,0,0.0,2.1546007084846495,1768564287.1633067
0,141,-3.8925,0,0.0,2.211938453912735,1768564366.1291502
0,142,-4.884,0,0.0,2.211938453912735,1768564366.1405663
1,143,-4.443,0,0.0,2.142678918838501,1768564378.5899498
1,144,-2.8455000000000004,0,0.0,2.142678918838501,1768564378.6009438
0,143,-4.248749999999999,0,0.0,2.2081141412258147,1768564457.916288
0,144,-5.0047500000000005,0,0.0,2.2081141412258147,1768564457.9278057
1,145,-4.319999999999999,0,0.0,2.148419247865677,1768564468.8535726
1,146,-3.44325,0,0.0,2.148419247865677,1768564468.8649228
0,145,-4.287,0,0.0,2.2018318402767183,1768564547.9323554
0,146,-3.8600000000000003,0,0.0,2.2018318402767183,1768564547.9443703
1,147,-5.513999999999999,0,0.0,2.141791994571686,1768564558.5104363
1,148,-6.6855,0,0.0,2.141791994571686,1768564558.5212455
0,147,-4.942,0,0.0,2.196321328878403,1768564641.1614783
0,148,-5.9422500000000005,0,0.0,2.196321328878403,1768564641.1720824
1,149,-4.91775,0,0.0,2.16618968129158,1768564651.9845695
1,150,-5.6945,0,0.0,2.16618968129158,1768564651.9974558
0,149,-3.8145000000000002,0,0.0,2.1872105240821837,1768564733.0048745
0,150,-4.72175,0,0.0,2.1872105240821837,1768564733.0201955
1,151,-5.14525,0,0.0,2.165176656246185,1768564743.5971878
1,152,-4.475,0,0.0,2.165176656246185,1768564743.6099553
0,151,-5.2955,0,0.0,2.1770107197761535,1768564826.6920018
0,152,-4.15375,0,0.0,2.1770107197761535,1768564826.7036073
1,153,-5.76025,0,0.0,2.1494696629047394,1768564837.3647654
1,154,-4.83375,0,0.0,2.1494696629047394,1768564837.3774042
0,153,-4.4855,0,0.0,2.2022418689727785,1768564918.8830683
0,154,-4.969,0,0.0,2.2022418689727785,1768564918.895686
1,155,-4.46025,0,0.0,2.1519356989860534,1768564929.5677304
1,156,-5.5765,0,0.0,2.1519356989860534,1768564929.5807035
0,155,-5.0225,0,0.0,2.2087398159503935,1768565013.7811217
0,156,-5.12175,0,0.0,2.2087398159503935,1768565013.7921069
1,157,-6.1442499999999995,0,0.0,2.138592754602432,1768565024.4183838
1,158,-5.45275,0,0.0,2.138592754602432,1768565024.429389
0,157,-6.6945,0,0.0,2.195050539970398,1768565106.4666555
0,158,-6.6899999999999995,0,0.0,2.195050539970398,1768565106.4847908
1,159,-4.07625,0,0.0,2.149326066970825,1768565116.7327576
1,160,-4.47425,0,0.0,2.149326066970825,1768565116.7451065
0,159,-4.5605,0,0.0,2.21614688038826,1768565201.3953724
0,160,-6.078,0,0.0,2.21614688038826,1768565201.4072723
1,161,-5.9145,0,0.0,2.163260270357132,1768565208.898306
1,162,-6.74325,0,0.0,2.163260270357132,1768565208.909291
0,161,-4.6450000000000005,0,0.0,2.204183419942856,1768565294.6043904
0,162,-5.22175,0,0.0,2.204183419942856,1768565294.6168041
1,163,-6.6795,0,0.0,2.163274006843567,1768565301.6533592
1,164,-6.08975,0,0.0,2.163274006843567,1768565301.6664295
0,163,-3.668,0,0.0,2.2075540697574616,1768565389.720597
0,164,-4.127249999999999,0,0.0,2.2075540697574616,1768565389.7315505
1,165,-4.48825,0,0.0,2.143906008005142,1768565394.484085
1,166,-5.35175,0,0.0,2.143906008005142,1768565394.4964483
0,165,-4.00175,0,0.0,2.207642993927002,1768565482.475454
0,166,-6.74375,0,0.0,2.207642993927002,1768565482.488
1,167,-4.3655,0,0.0,2.1198959410190583,1768565487.4369304
1,168,-4.9095,0,0.0,2.1198959410190583,1768565487.4472172
0,167,-6.52525,0,0.0,2.184841239452362,1768565574.6792073
0,168,-5.72725,0,0.0,2.184841239452362,1768565574.6920762
1,169,-4.2604999999999995,0,0.0,2.140048235654831,1768565581.6467707
1,170,-3.474,0,0.0,2.140048235654831,1768565581.6620955
0,169,-4.31825,0,0.0,2.2025086450576783,1768565669.2776384
0,170,-4.5337499999999995,0,0.0,2.2025086450576783,1768565669.2888737
1,171,-4.50775,0,0.0,2.1493768632411956,1768565673.9787295
1,172,-4.322749999999999,0,0.0,2.1493768632411956,1768565673.9893858
0,171,-4.5365,0,0.0,2.215382226705551,1768565763.4697216
0,172,-5.9117500000000005,0,0.0,2.215382226705551,1768565763.480104
1,173,-4.5665,0,0.0,2.128135095834732,1768565765.2932105
1,174,-4.683,0,0.0,2.128135095834732,1768565765.305575
0,173,-3.106,0,0.0,2.20508621096611,1768565857.600644
0,174,-4.40675,0,0.0,2.20508621096611,1768565857.6123354
1,175,-5.35925,0,0.0,2.136306395530701,1768565858.9110181
1,176,-4.1442499999999995,0,0.0,2.136306395530701,1768565858.9274683
1,177,-4.30725,0,0.0,2.1470916545391083,1768565951.0889783
1,178,-4.235,0,0.0,2.1470916545391083,1768565951.1030636
0,175,-4.9262500000000005,0,0.0,2.19367760181427,1768565951.7858782
0,176,-5.8565000000000005,0,0.0,2.19367760181427,1768565951.7967467
0,177,-4.15025,0,0.0,2.190641849040985,1768566043.8383691
0,178,-5.4799999999999995,0,0.0,2.190641849040985,1768566043.8483694
1,179,-5.10925,0,0.0,2.1476988315582277,1768566044.6154993
1,180,-4.6907499999999995,0,0.0,2.1476988315582277,1768566044.628183
1,181,-4.4305,0,0.0,2.1380486345291136,1768566137.047922
1,182,-4.514,0,0.0,2.1380486345291136,1768566137.0598776
0,179,-4.491,0,0.0,2.1770237505435945,1768566138.2874312
0,180,-2.4785,0,0.0,2.1770237505435945,1768566138.3015566
1,183,-4.31825,0,0.0,2.1123290276527404,1768566231.398641
1,184,-4.972,0,0.0,2.1123290276527404,1768566231.4090962
0,181,-5.54425,0,0.0,2.1711286973953245,1768566232.6816468
0,182,-5.07525,0,0.0,2.1711286973953245,1768566232.6939957
1,185,-4.55475,0,0.0,2.1160697746276855,1768566323.8322449
1,186,-4.37775,0,0.0,2.1160697746276855,1768566323.8437686
0,183,-4.7065,0,0.0,2.192845927476883,1768566325.440832
0,184,-4.937,0,0.0,2.192845927476883,1768566325.4521477
1,187,-5.25,0,0.0,2.1450411856174467,1768566415.7518787
1,188,-5.45075,0,0.0,2.1450411856174467,1768566415.7667756
0,185,-4.4975,0,0.0,2.1788344097137453,1768566420.0710156
0,186,-5.83875,0,0.0,2.1788344097137453,1768566420.0808308
1,189,-4.3355,0,0.0,2.1532740497589113,1768566507.9678469
1,190,-4.210749999999999,0,0.0,2.1532740497589113,1768566507.9791687
0,187,-2.94725,0,0.0,2.1649132108688356,1768566512.439829
0,188,-5.77625,0,0.0,2.1649132108688356,1768566512.454418
1,191,-4.389749999999999,0,0.0,2.139823328256607,1768566601.4344964
1,192,-3.6189999999999998,0,0.0,2.139823328256607,1768566601.4477553
0,189,-5.76725,0,0.0,2.1795142090320585,1768566606.621584
0,190,-4.077999999999999,0,0.0,2.1795142090320585,1768566606.6354682
1,193,-6.786,0,0.0,2.129421579837799,1768566693.651226
1,194,-6.72575,0,0.0,2.129421579837799,1768566693.6638849
0,191,-5.9355,0,0.0,2.172337930202484,1768566701.283707
0,192,-4.302499999999999,0,0.0,2.172337930202484,1768566701.2963433
1,195,-4.183249999999999,0,0.0,2.120160645246506,1768566785.598318
1,196,-4.57075,0,0.0,2.120160645246506,1768566785.6103404
0,193,-3.5862500000000006,0,0.0,2.1733288240432738,1768566793.3860836
0,194,-5.374,0,0.0,2.1733288240432738,1768566793.4022417
1,197,-5.1042499999999995,0,0.0,2.1294103276729586,1768566877.6206307
1,198,-3.04925,0,0.0,2.1294103276729586,1768566877.636402
0,195,-5.3075,0,0.0,2.1777397167682646,1768566885.5782483
0,196,-4.2837499999999995,0,0.0,2.1777397167682646,1768566885.588141
1,199,-5.014,0,0.0,2.1460993921756746,1768566967.3698657
1,200,-6.74275,0,0.0,2.1460993921756746,1768566967.3821979
0,197,-5.714,0,0.0,2.1721357953548432,1768566977.4740322
0,198,-4.55225,0,0.0,2.1721357953548432,1768566977.485392
1,201,-4.49075,0,0.0,2.152640470266342,1768567060.1450377
1,202,-4.137,0,0.0,2.152640470266342,1768567060.157127
0,199,-4.3865,0,0.0,2.160278651714325,1768567068.4725595
0,200,-5.43625,0,0.0,2.160278651714325,1768567068.483858
1,203,-5.186999999999999,0,0.0,2.131238602399826,1768567151.8327096
1,204,-3.9095000000000004,0,0.0,2.131238602399826,1768567151.8426094
0,201,-6.6885,0,0.0,2.1624183583259584,1768567162.5104022
0,202,-4.37125,0,0.0,2.1624183583259584,1768567162.5209477
1,205,-4.427499999999999,0,0.0,2.1269972121715544,1768567242.6432714
1,206,-4.6762500000000005,0,0.0,2.1269972121715544,1768567242.6549613
0,203,-5.898000000000001,0,0.0,2.1710809874534607,1768567253.6768997
0,204,-6.73875,0,0.0,2.1710809874534607,1768567253.6868403
1,207,-4.30875,0,0.0,2.1357841062545777,1768567334.4999444
1,208,-4.153,0,0.0,2.1357841062545777,1768567334.513554
0,205,-5.923,0,0.0,2.1635950016975403,1768567348.4309638
0,206,-6.1072500000000005,0,0.0,2.1635950016975403,1768567348.44146
1,209,-4.43,0,0.0,2.1356445276737213,1768567428.395468
1,210,-3.8365,0,0.0,2.1356445276737213,1768567428.4058008
0,207,-5.72475,0,0.0,2.1830858862400055,1768567442.545706
0,208,-6.116999999999999,0,0.0,2.1830858862400055,1768567442.5568311
1,211,-5.741,0,0.0,2.126994241476059,1768567520.3779957
1,212,-6.68,0,0.0,2.126994241476059,1768567520.39284
0,209,-4.2902499999999995,0,0.0,2.1932634115219116,1768567535.162674
0,210,-6.69925,0,0.0,2.1932634115219116,1768567535.1724334
1,213,-4.3165,0,0.0,2.1322220861911774,1768567613.3898125
1,214,-4.5355,0,0.0,2.1322220861911774,1768567613.4027689
0,211,-3.6697500000000005,0,0.0,2.1838376343250276,1768567630.4833143
0,212,-4.54575,0,0.0,2.1838376343250276,1768567630.4939916
1,215,-4.68475,0,0.0,2.149653776884079,1768567708.2915735
1,216,-4.077249999999999,0,0.0,2.149653776884079,1768567708.3015244
0,213,-3.55025,0,0.0,2.1677153313159945,1768567723.489753
0,214,-6.69475,0,0.0,2.1677153313159945,1768567723.5000546
1,217,-4.3629999999999995,0,0.0,2.1411548697948457,1768567801.3216333
1,218,-6.35025,0,0.0,2.1411548697948457,1768567801.336551
0,215,-5.74525,0,0.0,2.161405551433563,1768567818.9373202
0,216,-4.1295,0,0.0,2.161405551433563,1768567818.9470363
1,219,-4.42375,0,0.0,2.1294934272766115,1768567893.9364085
1,220,-4.2764999999999995,0,0.0,2.1294934272766115,1768567893.9513814
0,217,-4.85225,0,0.0,2.1551856601238253,1768567911.4077976
0,218,-3.585,0,0.0,2.1551856601238253,1768567911.4198668
1,221,-4.4755,0,0.0,2.1212833547592163,1768567985.503937
1,222,-5.33275,0,0.0,2.1212833547592163,1768567985.5164132
0,219,-4.71175,0,0.0,2.144400627613068,1768568005.6941671
0,220,-6.318,0,0.0,2.144400627613068,1768568005.7061167
1,223,-4.03275,0,0.0,2.117962211370468,1768568079.6701667
1,224,-4.86925,0,0.0,2.117962211370468,1768568079.685491
0,221,-4.5075,0,0.0,2.1521475553512572,1768568097.4974296
0,222,-6.213749999999999,0,0.0,2.1521475553512572,1768568097.5076952
1,225,-4.3805,0,0.0,2.131192470788956,1768568171.4903278
1,226,-4.558,0,0.0,2.131192470788956,1768568171.5025034
0,223,-4.132249999999999,0,0.0,2.1636873948574067,1768568192.063419
0,224,-6.142,0,0.0,2.1636873948574067,1768568192.0777528
1,227,-4.42175,0,0.0,2.1454307901859284,1768568264.337503
1,228,-6.14575,0,0.0,2.1454307901859284,1768568264.3530228
0,225,-4.75725,0,0.0,2.1853572297096253,1768568287.6015449
0,226,-5.123749999999999,0,0.0,2.1853572297096253,1768568287.6166646
1,229,-4.63175,0,0.0,2.139675636291504,1768568356.9905264
1,230,-4.5295,0,0.0,2.139675636291504,1768568357.0026877
0,227,-4.199,0,0.0,2.196003075838089,1768568383.376034
0,228,-3.8715,0,0.0,2.196003075838089,1768568383.388694
1,231,-3.8392500000000003,0,0.0,2.1346977663040163,1768568449.5124493
1,232,-4.94675,0,0.0,2.1346977663040163,1768568449.5232015
0,229,-4.466,0,0.0,2.17822687625885,1768568476.1960742
0,230,-4.952,0,0.0,2.17822687625885,1768568476.2071786
1,233,-4.53925,0,0.0,2.124457165002823,1768568544.5727503
1,234,-3.522,0,0.0,2.124457165002823,1768568544.5839922
0,231,-4.90875,0,0.0,2.1522982263565065,1768568571.5205705
0,232,-3.4445,0,0.0,2.1522982263565065,1768568571.533389
1,235,-3.47675,0,0.0,2.1261515176296233,1768568637.4257019
1,236,-4.74925,0,0.0,2.1261515176296233,1768568637.437298
0,233,-5.72325,0,0.0,2.1385526490211486,1768568664.6038277
0,234,-5.6055,0,0.0,2.1385526490211486,1768568664.6139972
1,237,-4.10875,0,0.0,2.138652422428131,1768568730.2488139
1,238,-3.786,0,0.0,2.138652422428131,1768568730.2601218
0,235,-4.452,0,0.0,2.1460025012493134,1768568759.9010172
0,236,-4.233,0,0.0,2.1460025012493134,1768568759.912309
1,239,-6.721,0,0.0,2.141336781978607,1768568823.4167645
1,240,-3.74475,0,0.0,2.141336781978607,1768568825.617877
0,237,-4.2705,0,0.0,2.1653468799591065,1768568853.384655
0,238,-4.50025,0,0.0,2.1653468799591065,1768568853.3952422
1,241,-6.72725,0,0.0,2.1335513281822203,1768568918.7661128
1,242,-4.25875,0,0.0,2.1335513281822203,1768568918.7778847
0,239,-5.4355,0,0.0,2.143093044757843,1768568949.0808349
0,240,-6.134499999999999,0,0.0,2.143093044757843,1768568949.0935712
1,243,-5.337,0,0.0,2.11312206029892,1768569011.9343135
1,244,-5.3077499999999995,0,0.0,2.11312206029892,1768569011.9447255
0,241,-4.791250000000001,0,0.0,2.1383532178401947,1768569042.2452097
0,242,-4.1652499999999995,0,0.0,2.1383532178401947,1768569042.255245
1,245,-4.3389999999999995,0,0.0,2.131869455575943,1768569105.4197602
1,246,-4.936,0,0.0,2.131869455575943,1768569105.434931
0,243,-5.113499999999999,0,0.0,2.163890892267227,1768569135.942573
0,244,-6.72,0,0.0,2.163890892267227,1768569135.9585278
1,247,-4.744,0,0.0,2.1527659344673156,1768569200.8196099
1,248,-6.31225,0,0.0,2.1527659344673156,1768569200.8306391
0,245,-4.75725,0,0.0,2.1559829080104826,1768569231.6395953
0,246,-4.617,0,0.0,2.1559829080104826,1768569231.6497817
1,249,-5.36675,0,0.0,2.129832851886749,1768569293.9277506
1,250,-3.8287500000000003,0,0.0,2.129832851886749,1768569293.9388826
0,247,-4.069,0,0.0,2.1564395904541014,1768569327.4811594
0,248,-4.134499999999999,0,0.0,2.1564395904541014,1768569327.4936028
1,251,-4.94625,0,0.0,2.135832438468933,1768569387.3478785
1,252,-4.5825,0,0.0,2.135832438468933,1768569387.3580346
0,249,-4.311999999999999,0,0.0,2.163633487224579,1768569423.4639864
0,250,-4.2505,0,0.0,2.163633487224579,1768569423.4766572
1,253,-4.584250000000001,0,0.0,2.126043655872345,1768569480.4520278
1,254,-4.098749999999999,0,0.0,2.126043655872345,1768569480.4645715
0,251,-4.161499999999999,0,0.0,2.166809161901474,1768569517.114802
0,252,-6.292999999999999,0,0.0,2.166809161901474,1768569517.1251287
1,255,-4.23825,0,0.0,2.1119958543777466,1768569574.2454016
1,256,-4.622750000000001,0,0.0,2.1119958543777466,1768569574.2560241
0,253,-3.9435000000000002,0,0.0,2.170461668968201,1768569614.2841833
0,254,-3.1847499999999997,0,0.0,2.170461668968201,1768569614.2964122
1,257,-3.9712500000000004,0,0.0,2.1206590366363525,1768569671.3656487
1,258,-6.7067499999999995,0,0.0,2.1206590366363525,1768569671.3772032
0,255,-6.08975,0,0.0,2.166977890729904,1768569709.1405907
0,256,-4.9,0,0.0,2.166977890729904,1768569709.1508505
1,259,-5.452,0,0.0,2.1105661928653716,1768569766.3102725
1,260,-4.66075,0,0.0,2.1105661928653716,1768569766.3201838
0,257,-5.36375,0,0.0,2.1589380264282227,1768569807.049435
0,258,-4.4525,0,0.0,2.1589380264282227,1768569807.0603917
1,261,-6.75875,0,0.0,2.1090993416309356,1768569860.3166847
1,262,-3.6925,0,0.0,2.1090993416309356,1768569860.327316
0,259,-4.729,0,0.0,2.1582850193977356,1768569903.8229346
0,260,-5.753,0,0.0,2.1582850193977356,1768569903.8334477
1,263,-3.86125,0,0.0,2.123716254234314,1768569954.3165169
1,264,-4.7467500000000005,0,0.0,2.123716254234314,1768569954.3293262
0,261,-4.69375,0,0.0,2.1512234103679657,1768569998.3271725
0,262,-4.7325,0,0.0,2.1512234103679657,1768569998.337614
1,265,-4.8615,0,0.0,2.129725914001465,1768570048.2919843
1,266,-4.48075,0,0.0,2.129725914001465,1768570048.3044379
0,263,-3.92625,0,0.0,2.1538697338104247,1768570094.7217524
0,264,-4.0905,0,0.0,2.1538697338104247,1768570094.7345858
1,267,-4.6645,0,0.0,2.1443534111976623,1768570144.8313615
1,268,-3.8537500000000007,0,0.0,2.1443534111976623,1768570144.8457866
0,265,-6.08875,0,0.0,2.156762371063232,1768570188.9376926
0,266,-6.0665000000000004,0,0.0,2.156762371063232,1768570188.9481888
1,269,-4.727,0,0.0,2.146781324148178,1768570238.9482262
1,270,-4.7307500000000005,0,0.0,2.146781324148178,1768570238.9610028
0,267,-6.71675,0,0.0,2.1519799399375916,1768570283.4328134
0,268,-5.792,0,0.0,2.1519799399375916,1768570283.4466364
1,271,-4.54625,0,0.0,2.125569748878479,1768570332.9579732
1,272,-4.880000000000001,0,0.0,2.125569748878479,1768570332.969404
0,269,-6.1545000000000005,0,0.0,2.158790183067322,1768570380.2663126
0,270,-4.30675,0,0.0,2.158790183067322,1768570380.2836227
1,273,-4.01,0,0.0,2.1255669033527376,1768570427.1613433
1,274,-3.2994999999999997,0,0.0,2.1255669033527376,1768570427.1739576
0,271,-4.535,0,0.0,2.161039284467697,1768570474.517149
0,272,-4.116249999999999,0,0.0,2.161039284467697,1768570474.5298214
1,275,-5.1155,0,0.0,2.1244407284259794,1768570521.063376
1,276,-5.1659999999999995,0,0.0,2.1244407284259794,1768570521.076778
0,273,-4.783,0,0.0,2.1621068251132964,1768570571.1324067
0,274,-3.33975,0,0.0,2.1621068251132964,1768570571.1433327
1,277,-4.3385,0,0.0,2.1147846043109895,1768570614.991581
1,278,-4.83275,0,0.0,2.1147846043109895,1768570615.0035794
0,275,-4.7482500000000005,0,0.0,2.149702954292297,1768570667.99704
0,276,-4.507,0,0.0,2.149702954292297,1768570668.0079513
1,279,-4.34425,0,0.0,2.1237986767292023,1768570709.1569536
1,280,-4.73975,0,0.0,2.1237986767292023,1768570709.1685915
0,277,-4.2195,0,0.0,2.155495336055756,1768570762.4022853
0,278,-4.45425,0,0.0,2.155495336055756,1768570762.413649
1,281,-3.979,0,0.0,2.1354963397979736,1768570805.8630543
1,282,-4.046499999999999,0,0.0,2.1354963397979736,1768570805.874278
0,279,-3.7255000000000003,0,0.0,2.1514157819747926,1768570857.0537627
0,280,-6.1305,0,0.0,2.1514157819747926,1768570857.067087
1,283,-4.358499999999999,0,0.0,2.1354026317596437,1768570899.8779693
1,284,-5.3145,0,0.0,2.1354026317596437,1768570899.8916137
0,281,-3.33275,0,0.0,2.137606723308563,1768570953.6739707
0,282,-4.04725,0,0.0,2.137606723308563,1768570953.6886394
1,285,-3.4715,0,0.0,2.1440713024139404,1768570994.3009913
1,286,-4.19975,0,0.0,2.1440713024139404,1768570994.3121145
0,283,-4.2775,0,0.0,2.1376884281635284,1768571048.1282198
0,284,-4.329,0,0.0,2.1376884281635284,1768571048.142908
1,287,-4.021,0,0.0,2.145162749290466,1768571088.3477888
1,288,-4.359,0,0.0,2.145162749290466,1768571088.3580728
0,285,-4.37175,0,0.0,2.1349357497692107,1768571144.8224561
0,286,-3.6080000000000005,0,0.0,2.1349357497692107,1768571144.8329036
1,289,-4.4357500000000005,0,0.0,2.146753635406494,1768571182.429992
1,290,-5.300249999999999,0,0.0,2.146753635406494,1768571182.440234
0,287,-3.9290000000000003,0,0.0,2.133834935426712,1768571239.4188
0,288,-4.7535,0,0.0,2.133834935426712,1768571239.429006
1,291,-5.0687500000000005,0,0.0,2.1219587504863737,1768571277.019662
1,292,-4.502,0,0.0,2.1219587504863737,1768571277.0316846
0,289,-3.8320000000000007,0,0.0,2.1538392162322997,1768571337.5216482
0,290,-4.4975,0,0.0,2.1538392162322997,1768571337.5362432
1,293,-4.9145,0,0.0,2.1046385300159454,1768571372.4820735
1,294,-5.2535,0,0.0,2.1046385300159454,1768571372.4948878
0,291,-3.83075,0,0.0,2.163793935775757,1768571433.331871
0,292,-5.53725,0,0.0,2.163793935775757,1768571433.3444269
1,295,-4.144749999999999,0,0.0,2.143186539411545,1768571467.9357088
1,296,-4.665,0,0.0,2.143186539411545,1768571467.945705
0,293,-5.145,0,0.0,2.136951407194138,1768571529.0492868
0,294,-4.77425,0,0.0,2.136951407194138,1768571529.0604346
1,297,-3.86125,0,0.0,2.1571878361701966,1768571563.459568
1,298,-4.83875,0,0.0,2.1571878361701966,1768571563.4749627
0,295,-5.489,0,0.0,2.1606615459918976,1768571625.1830754
0,296,-3.53025,0,0.0,2.1606615459918976,1768571625.1951172
1,299,-5.4585,0,0.0,2.1403189527988435,1768571659.3505147
1,300,-4.3237499999999995,0,0.0,2.1403189527988435,1768571659.3609216
0,297,-3.82025,0,0.0,2.1886447608470916,1768571721.10576
0,298,-5.90225,0,0.0,2.1886447608470916,1768571721.1168704
1,301,-4.572,0,0.0,2.129548416137695,1768571755.3628347
1,302,-4.069999999999999,0,0.0,2.129548416137695,1768571755.3726785
0,299,-5.9195,0,0.0,2.16471581697464,1768571817.1730893
0,300,-6.512499999999999,0,0.0,2.16471581697464,1768571817.1837058
1,303,-4.678,0,0.0,2.12059646487236,1768571851.7118165
1,304,-4.878500000000001,0,0.0,2.12059646487236,1768571851.7271018
0,301,-4.297,0,0.0,2.1563346433639525,1768571913.7987072
0,302,-4.616,0,0.0,2.1563346433639525,1768571913.8089874
1,305,-4.3865,0,0.0,2.114952869415283,1768571948.2423978
1,306,-4.882000000000001,0,0.0,2.114952869415283,1768571948.2552567
0,303,-4.74925,0,0.0,2.1383799040317535,1768572012.2695813
0,304,-6.68275,0,0.0,2.1383799040317535,1768572012.2811878
1,307,-4.184749999999999,0,0.0,2.1230778884887695,1768572044.3025413
1,308,-4.725,0,0.0,2.1230778884887695,1768572044.3131683
0,305,-3.554,0,0.0,2.1308150684833524,1768572108.7301197
0,306,-5.707,0,0.0,2.1308150684833524,1768572108.7465687
1,309,-4.38425,0,0.0,2.128181744813919,1768572140.387717
1,310,-3.8630000000000004,0,0.0,2.128181744813919,1768572140.3977356
0,307,-5.13575,0,0.0,2.1451368486881255,1768572205.2318702
0,308,-5.2749999999999995,0,0.0,2.1451368486881255,1768572205.2426426
1,311,-4.348,0,0.0,2.124487130641937,1768572236.5581815
1,312,-3.887,0,0.0,2.124487130641937,1768572236.5687542
0,309,-6.65175,0,0.0,2.1279388284683227,1768572301.589048
0,310,-3.501,0,0.0,2.1279388284683227,1768572301.602138
1,313,-4.51075,0,0.0,2.1421848320961,1768572332.6319668
1,314,-5.3,0,0.0,2.1421848320961,1768572332.6434605
0,311,-4.119999999999999,0,0.0,2.1229996025562285,1768572398.0124211
0,312,-5.12425,0,0.0,2.1229996025562285,1768572398.023269
1,315,-4.933,0,0.0,2.156677122116089,1768572428.629499
1,316,-6.127750000000001,0,0.0,2.156677122116089,1768572428.641838
0,313,-3.91,0,0.0,2.137046967744827,1768572497.6497197
0,314,-4.176,0,0.0,2.137046967744827,1768572497.661716
1,317,-4.7495,0,0.0,2.1203693211078645,1768572526.344161
1,318,-4.378500000000001,0,0.0,2.1203693211078645,1768572526.3548455
0,315,-4.94,0,0.0,2.149508237838745,1768572596.144808
0,316,-5.1805,0,0.0,2.149508237838745,1768572596.1561127
1,319,-3.9110000000000005,0,0.0,2.1057430827617645,1768572621.7886379
1,320,-3.726,0,0.0,2.1057430827617645,1768572621.7998054
0,317,-5.3115,0,0.0,2.1511217558383944,1768572693.6857016
0,318,-4.6425,0,0.0,2.1511217558383944,1768572693.6973732
1,321,-4.9704999999999995,0,0.0,2.1206390857696533,1768572718.8148787
1,322,-6.6979999999999995,0,0.0,2.1206390857696533,1768572718.8268971
0,319,-4.8005,0,0.0,2.137764346599579,1768572793.9585156
0,320,-6.733,0,0.0,2.137764346599579,1768572793.970709
1,323,-4.2524999999999995,0,0.0,2.1302208614349367,1768572815.9390278
1,324,-5.922,0,0.0,2.1302208614349367,1768572815.9498854
0,321,-5.1655,0,0.0,2.152284882068634,1768572891.830719
0,322,-5.0015,0,0.0,2.152284882068634,1768572891.841104
1,325,-5.14525,0,0.0,2.1280146014690398,1768572910.8152075
1,326,-4.18375,0,0.0,2.1280146014690398,1768572913.1702557
0,323,-4.217499999999999,0,0.0,2.178806678056717,1768572989.4645078
0,324,-5.175,0,0.0,2.178806678056717,1768572989.4746506
1,327,-4.5465,0,0.0,2.1269258034229277,1768573007.9524472
1,328,-6.102500000000001,0,0.0,2.1269258034229277,1768573007.9632354
0,325,-3.8762500000000006,0,0.0,2.1491522681713104,1768573087.2356966
0,326,-6.3,0,0.0,2.1491522681713104,1768573087.2456694
1,329,-3.3302499999999995,0,0.0,2.1236332190036773,1768573105.741885
1,330,-5.148249999999999,0,0.0,2.1236332190036773,1768573105.75263
0,327,-3.9720000000000004,0,0.0,2.135956687927246,1768573188.578905
0,328,-5.4835,0,0.0,2.135956687927246,1768573188.5887654
1,331,-4.62525,0,0.0,2.103081214427948,1768573203.6071534
1,332,-4.348,0,0.0,2.103081214427948,1768573203.6195972
0,329,-6.7604999999999995,0,0.0,2.1420628142356875,1768573286.9823887
0,330,-6.7235,0,0.0,2.1420628142356875,1768573286.9925573
1,333,-4.44525,0,0.0,2.122100372314453,1768573298.9901543
1,334,-4.48775,0,0.0,2.122100372314453,1768573299.002833
0,331,-4.71925,0,0.0,2.1100335371494294,1768573385.8148024
0,332,-3.814,0,0.0,2.1100335371494294,1768573385.8259363
1,335,-6.35025,0,0.0,2.13410595536232,1768573397.4081829
1,336,-4.5897499999999996,0,0.0,2.13410595536232,1768573397.419025
0,333,-4.505,0,0.0,2.127311214208603,1768573488.7170925
0,334,-4.8877500000000005,0,0.0,2.127311214208603,1768573488.7349594
1,337,-4.641500000000001,0,0.0,2.11815337061882,1768573497.4162967
1,338,-4.30725,0,0.0,2.11815337061882,1768573497.4308453
0,335,-4.138,0,0.0,2.13776874423027,1768573588.503482
0,336,-3.6575,0,0.0,2.13776874423027,1768573588.5136273
1,339,-5.46625,0,0.0,2.1087739205360414,1768573596.861918
1,340,-4.73725,0,0.0,2.1087739205360414,1768573596.871922
0,337,-4.6865,0,0.0,2.1234341168403628,1768573688.1654105
0,338,-4.1194999999999995,0,0.0,2.1234341168403628,1768573688.1771657
1,341,-5.41225,0,0.0,2.107337784767151,1768573693.7403264
1,342,-4.75675,0,0.0,2.107337784767151,1768573693.752743
0,339,-5.69525,0,0.0,2.139791511297226,1768573787.196351
0,340,-3.94275,0,0.0,2.139791511297226,1768573787.2086725
1,343,-4.25375,0,0.0,2.098848233222961,1768573792.4742599
1,344,-4.867,0,0.0,2.098848233222961,1768573792.4840302
0,341,-6.2597499999999995,0,0.0,2.1491037571430205,1768573888.3965604
0,342,-3.7175000000000002,0,0.0,2.1491037571430205,1768573888.4111075
1,345,-6.2855,0,0.0,2.0951712226867674,1768573890.4514828
1,346,-4.5045,0,0.0,2.0951712226867674,1768573890.467543
0,343,-4.955,0,0.0,2.152948718070984,1768573987.0985131
0,344,-5.11375,0,0.0,2.152948718070984,1768573987.1097856
1,347,-3.7685,0,0.0,2.115241918563843,1768573988.687045
1,348,-4.413,0,0.0,2.115241918563843,1768573988.70091
0,345,-4.8015,0,0.0,2.146811990737915,1768574085.4736924
0,346,-3.90225,0,0.0,2.146811990737915,1768574085.4834213
1,349,-4.173749999999999,0,0.0,2.1262008225917817,1768574086.881691
1,350,-4.0365,0,0.0,2.1262008225917817,1768574086.8954923
0,347,-5.495,0,0.0,2.1463333559036255,1768574184.1509247
0,348,-4.23675,0,0.0,2.1463333559036255,1768574184.1642804
1,351,-4.372999999999999,0,0.0,2.126235179901123,1768574184.835438
1,352,-6.043749999999999,0,0.0,2.126235179901123,1768574184.848581
1,353,-2.6485000000000003,0,0.0,2.1164253735542298,1768574280.5630884
1,354,-5.54,0,0.0,2.1164253735542298,1768574280.5740473
0,349,-4.254499999999999,0,0.0,2.1457203936576845,1768574285.0630922
0,350,-3.3387499999999997,0,0.0,2.1457203936576845,1768574285.0731905
1,355,-3.53425,0,0.0,2.112166500091553,1768574378.6559708
1,356,-4.7055,0,0.0,2.112166500091553,1768574378.6670377
0,351,-4.364,0,0.0,2.1521516168117523,1768574383.6615524
0,352,-5.443499999999999,0,0.0,2.1521516168117523,1768574383.671695
1,357,-4.9205000000000005,0,0.0,2.1278942465782165,1768574476.7534113
1,358,-4.862500000000001,0,0.0,2.1278942465782165,1768574476.765874
0,353,-3.8815000000000004,0,0.0,2.1486351919174194,1768574482.1898284
0,354,-4.77175,0,0.0,2.1486351919174194,1768574482.2019613
1,359,-6.645,0,0.0,2.122091281414032,1768574574.936348
1,360,-6.72225,0,0.0,2.122091281414032,1768574574.9467447
0,355,-6.413,0,0.0,2.1374267613887787,1768574583.1936834
0,356,-4.356249999999999,0,0.0,2.1374267613887787,1768574583.2047431
1,361,-5.222499999999999,0,0.0,2.110619066953659,1768574673.1590354
1,362,-5.09925,0,0.0,2.110619066953659,1768574673.171603
0,357,-5.05075,0,0.0,2.1407195496559144,1768574681.6881373
0,358,-4.71275,0,0.0,2.1407195496559144,1768574681.7011368
1,363,-4.5135,0,0.0,2.1330105781555178,1768574771.869098
1,364,-3.8855000000000004,0,0.0,2.1330105781555178,1768574771.8811593
0,359,-6.11275,0,0.0,2.148229329586029,1768574780.5279891
0,360,-4.39875,0,0.0,2.148229329586029,1768574780.538907
1,365,-4.60625,0,0.0,2.1232748663425447,1768574872.7189586
1,366,-4.4807500000000005,0,0.0,2.1232748663425447,1768574872.730301
0,361,-5.4375,0,0.0,2.1390889382362364,1768574884.52487
0,362,-4.616,0,0.0,2.1390889382362364,1768574884.5366259
1,367,-4.59525,0,0.0,2.1080639183521273,1768574975.7565665
1,368,-6.7495,0,0.0,2.1080639183521273,1768574975.7680907
0,363,-5.9205000000000005,0,0.0,2.146328320503235,1768574987.8888307
0,364,-4.5435,0,0.0,2.146328320503235,1768574987.9053378
1,369,-4.73525,0,0.0,2.124550096988678,1768575076.7864914
1,370,-4.112749999999999,0,0.0,2.124550096988678,1768575076.8012884
0,365,-4.9437500000000005,0,0.0,2.1588023281097413,1768575091.6254072
0,366,-4.200499999999999,0,0.0,2.1588023281097413,1768575091.6376958
1,371,-4.564750000000001,0,0.0,2.128841255903244,1768575180.4525619
1,372,-4.6315,0,0.0,2.128841255903244,1768575180.4633553
0,367,-4.523,0,0.0,2.161578906774521,1768575195.7547758
0,368,-3.94775,0,0.0,2.161578906774521,1768575195.7653975
1,373,-5.023000000000001,0,0.0,2.120287746191025,1768575284.2057981
1,374,-4.5075,0,0.0,2.120287746191025,1768575284.2171955
0,369,-4.141,0,0.0,2.168802046775818,1768575299.7111692
0,370,-3.9137500000000003,0,0.0,2.168802046775818,1768575299.7234538
1,375,-6.7245,0,0.0,2.112997839450836,1768575388.928688
1,376,-3.6205000000000003,0,0.0,2.112997839450836,1768575388.9391956
0,371,-4.32475,0,0.0,2.147226494550705,1768575404.6753898
0,372,-3.4535,0,0.0,2.147226494550705,1768575404.687782
1,377,-4.2995,0,0.0,2.123577136993408,1768575490.5141904
1,378,-4.91,0,0.0,2.123577136993408,1768575490.5278177
0,373,-4.6185,0,0.0,2.124692727327347,1768575509.356861
0,374,-6.70325,0,0.0,2.124692727327347,1768575509.3691406
1,379,-2.72875,0,0.0,2.1245726132392884,1768575594.3144944
1,380,-5.212,0,0.0,2.1245726132392884,1768575594.3265088
0,375,-4.7695,0,0.0,2.134673012495041,1768575613.853943
0,376,-4.41875,0,0.0,2.134673012495041,1768575613.866959
1,381,-4.539,0,0.0,2.1196242225170137,1768575697.9101257
1,382,-4.5344999999999995,0,0.0,2.1196242225170137,1768575697.920694
0,377,-6.67525,0,0.0,2.1622579395771027,1768575717.5603566
0,378,-6.47375,0,0.0,2.1622579395771027,1768575717.5705175
1,383,-4.4125000000000005,0,0.0,2.127144591808319,1768575801.0048826
1,384,-6.5417499999999995,0,0.0,2.127144591808319,1768575801.0164175
0,379,-4.95075,0,0.0,2.1467148089408874,1768575820.8387446
0,380,-4.33625,0,0.0,2.1467148089408874,1768575820.8535883
1,385,-5.35225,0,0.0,2.123643391132355,1768575901.435886
1,386,-6.65325,0,0.0,2.123643391132355,1768575901.447464
0,381,-4.59675,0,0.0,2.158450767993927,1768575926.5018213
0,382,-4.01275,0,0.0,2.158450767993927,1768575926.514191
1,387,-4.998749999999999,0,0.0,2.1160940635204315,1768576004.3009863
1,388,-4.515,0,0.0,2.1160940635204315,1768576004.3137994
0,383,-5.37125,0,0.0,2.181820913553238,1768576029.6907845
0,384,-4.7620000000000005,0,0.0,2.181820913553238,1768576029.7026427
1,389,-4.3309999999999995,0,0.0,2.101450165510178,1768576107.6644928
1,390,-3.8530000000000006,0,0.0,2.101450165510178,1768576107.6771014
0,385,-4.58,0,0.0,2.1772592663764954,1768576133.615568
0,386,-6.69775,0,0.0,2.1772592663764954,1768576133.6277905
1,391,-3.7685,0,0.0,2.1108138358592985,1768576213.315999
1,392,-4.33375,0,0.0,2.1108138358592985,1768576213.326674
0,387,-4.060499999999999,0,0.0,2.1663557577133177,1768576239.932304
0,388,-4.161999999999999,0,0.0,2.1663557577133177,1768576239.9432268
1,393,-4.833,0,0.0,2.138240741491318,1768576316.3196702
1,394,-4.70075,0,0.0,2.138240741491318,1768576316.3300314
0,389,-5.14,0,0.0,2.1561412131786346,1768576345.8987963
0,390,-4.48625,0,0.0,2.1561412131786346,1768576345.9140425
1,395,-3.5015,0,0.0,2.1479642474651337,1768576422.6053584
1,396,-3.7005,0,0.0,2.1479642474651337,1768576422.6159952
0,391,-5.6,0,0.0,2.142630466222763,1768576452.4019246
0,392,-4.663250000000001,0,0.0,2.142630466222763,1768576452.414639
1,397,-6.63825,0,0.0,2.1325828671455382,1768576528.583328
1,398,-4.55575,0,0.0,2.1325828671455382,1768576528.5944972
0,393,-4.2805,0,0.0,2.126877940893173,1768576555.4873512
0,394,-3.9485,0,0.0,2.126877940893173,1768576555.502868
1,399,-3.561,0,0.0,2.1121664237976074,1768576633.5844538
1,400,-4.6617500000000005,0,0.0,2.1121664237976074,1768576633.5954645
0,395,-5.2749999999999995,0,0.0,2.12323250412941,1768576663.7244399
0,396,-3.6587500000000004,0,0.0,2.12323250412941,1768576663.7374895
1,401,-4.31675,0,0.0,2.1355183148384094,1768576737.179295
1,402,-5.19175,0,0.0,2.1355183148384094,1768576737.1898713
0,397,-4.273499999999999,0,0.0,2.126532974243164,1768576767.570749
0,398,-3.73175,0,0.0,2.126532974243164,1768576767.582572
1,403,-5.89725,0,0.0,2.1212804245948793,1768576839.7887332
1,404,-4.6232500000000005,0,0.0,2.1212804245948793,1768576839.80315
0,399,-4.2855,0,0.0,2.1502776992321015,1768576873.1872947
0,400,-5.2669999999999995,0,0.0,2.1502776992321015,1768576873.1993506
1,405,-5.114999999999999,0,0.0,2.1070138120651247,1768576944.4700348
1,406,-6.2989999999999995,0,0.0,2.1070138120651247,1768576944.4848063
0,401,-5.66425,0,0.0,2.1348335313797,1768576978.4397929
0,402,-5.572,0,0.0,2.1348335313797,1768576978.4547594
1,407,-6.333749999999999,0,0.0,2.115376801490784,1768577046.2197144
1,408,-4.995500000000001,0,0.0,2.115376801490784,1768577046.2323344
0,403,-6.646,0,0.0,2.1402430891990663,1768577083.1259708
0,404,-5.10975,0,0.0,2.1402430891990663,1768577083.1398673
1,409,-4.042999999999999,0,0.0,2.1088609755039216,1768577148.51567
1,410,-4.980250000000001,0,0.0,2.1088609755039216,1768577148.5282931
0,405,-4.3385,0,0.0,2.1667607080936433,1768577189.1048143
0,406,-4.39575,0,0.0,2.1667607080936433,1768577189.1160467
1,411,-6.3255,0,0.0,2.111374897956848,1768577251.085859
1,412,-4.01325,0,0.0,2.111374897956848,1768577251.0988564
0,407,-4.69525,0,0.0,2.1480634319782257,1768577292.0579872
0,408,-4.590750000000001,0,0.0,2.1480634319782257,1768577292.0725226
1,413,-3.8792500000000003,0,0.0,2.1135814690589907,1768577353.8689258
1,414,-3.9160000000000004,0,0.0,2.1135814690589907,1768577353.8813791
0,409,-4.6945,0,0.0,2.136602635383606,1768577398.382247
0,410,-4.25475,0,0.0,2.136602635383606,1768577398.3945065
1,415,-5.5569999999999995,0,0.0,2.126087418794632,1768577457.570305
1,416,-4.868,0,0.0,2.126087418794632,1768577457.5815609
0,411,-5.14225,0,0.0,2.113725880384445,1768577502.9380581
0,412,-6.7535,0,0.0,2.113725880384445,1768577502.953137
1,417,-4.673500000000001,0,0.0,2.1264124393463133,1768577565.4443378
1,418,-3.8760000000000003,0,0.0,2.1264124393463133,1768577565.4568715
0,413,-5.97825,0,0.0,2.1164143443107606,1768577607.4605584
0,414,-6.7044999999999995,0,0.0,2.1164143443107606,1768577607.4731913
1,419,-4.95575,0,0.0,2.128700065612793,1768577669.9239533
1,420,-4.4677500000000006,0,0.0,2.128700065612793,1768577669.9390812
0,415,-4.7265,0,0.0,2.1654372489452363,1768577715.1858268
0,416,-3.72925,0,0.0,2.1654372489452363,1768577715.200956
1,421,-5.327,0,0.0,2.1497036600112915,1768577775.179281
1,422,-3.70775,0,0.0,2.1497036600112915,1768577775.1891406
0,417,-6.12625,0,0.0,2.1672181522846223,1768577821.4377468
0,418,-6.0845,0,0.0,2.1672181522846223,1768577821.4487517
1,423,-3.548,0,0.0,2.138032792806625,1768577877.4651215
1,424,-4.311,0,0.0,2.138032792806625,1768577877.4769497
0,419,-4.64025,0,0.0,2.1415368950366975,1768577928.7246284
0,420,-4.075749999999999,0,0.0,2.1415368950366975,1768577928.735787
1,425,-5.884,0,0.0,2.1196719098091124,1768577981.0485075
1,426,-4.436,0,0.0,2.1196719098091124,1768577981.0594985
0,421,-4.177999999999999,0,0.0,2.1473912453651427,1768578033.5342386
0,422,-5.0115,0,0.0,2.1473912453651427,1768578033.5464053
1,427,-3.9817500000000003,0,0.0,2.1191389560699463,1768578085.9253397
1,428,-5.18425,0,0.0,2.1191389560699463,1768578085.9393964
0,423,-4.68525,0,0.0,2.140071842670441,1768578137.9273524
0,424,-5.08825,0,0.0,2.140071842670441,1768578137.9395301
1,429,-6.071750000000001,0,0.0,2.1151760029792785,1768578189.9829342
1,430,-6.4559999999999995,0,0.0,2.1151760029792785,1768578189.993823
0,425,-6.091500000000001,0,0.0,2.1443106186389924,1768578244.3281302
0,426,-4.1587499999999995,0,0.0,2.1443106186389924,1768578244.3389046
1,431,-3.64225,0,0.0,2.1254453551769257,1768578295.7933779
1,432,-4.3645,0,0.0,2.1254453551769257,1768578295.8059418
0,427,-4.606,0,0.0,2.1356349527835845,1768578347.7457013
0,428,-4.5225,0,0.0,2.1356349527835845,1768578347.7572663
1,433,-5.38225,0,0.0,2.119695694446564,1768578399.3542464
1,434,-5.78975,0,0.0,2.119695694446564,1768578399.3667943
0,429,-3.9902500000000005,0,0.0,2.122288256883621,1768578454.8852065
0,430,-4.6865000000000006,0,0.0,2.122288256883621,1768578454.8974817
1,435,-5.885,0,0.0,2.110129084587097,1768578503.7604277
1,436,-3.5695,0,0.0,2.110129084587097,1768578503.770961
0,431,-4.702,0,0.0,2.1409301555156706,1768578556.9465833
0,432,-4.99075,0,0.0,2.1409301555156706,1768578556.9595618
1,437,-5.9805,0,0.0,2.1076284003257753,1768578604.8578644
1,438,-4.48825,0,0.0,2.1076284003257753,1768578604.868712
0,433,-6.06775,0,0.0,2.1436481046676636,1768578660.6241133
0,434,-4.12325,0,0.0,2.1436481046676636,1768578660.6363668
1,439,-5.56125,0,0.0,2.1258948612213135,1768578706.0360312
1,440,-6.067,0,0.0,2.1258948612213135,1768578706.0464144
0,435,-4.356999999999999,0,0.0,2.155171092748642,1768578765.2410126
0,436,-4.0665,0,0.0,2.155171092748642,1768578765.2555299
1,441,-4.087999999999999,0,0.0,2.124154614210129,1768578807.9308534
1,442,-4.54675,0,0.0,2.124154614210129,1768578807.9430034
0,437,-4.605,0,0.0,2.1560892701148986,1768578867.4549134
0,438,-4.9517500000000005,0,0.0,2.1560892701148986,1768578867.464636
1,443,-4.6785,0,0.0,2.102392382621765,1768578912.559141
1,444,-6.69575,0,0.0,2.102392382621765,1768578912.5957723
0,439,-3.762,0,0.0,2.135415636301041,1768578969.8870428
0,440,-5.29725,0,0.0,2.135415636301041,1768578969.8990054
1,445,-6.7459999999999996,0,0.0,2.1095037281513216,1768579011.123206
1,446,-4.60525,0,0.0,2.1095037281513216,1768579011.1338873
0,441,-4.88375,0,0.0,2.133322001695633,1768579073.4215028
0,442,-5.1587499999999995,0,0.0,2.133322001695633,1768579073.433309
1,447,-6.6884999999999994,0,0.0,2.110217123031616,1768579111.735463
1,448,-3.5055,0,0.0,2.110217123031616,1768579114.3244665
0,443,-5.48275,0,0.0,2.1383499348163606,1768579174.0803945
0,444,-4.65725,0,0.0,2.1383499348163606,1768579174.0901265
1,449,-5.561,0,0.0,2.11480166554451,1768579211.8834214
1,450,-3.9810000000000003,0,0.0,2.11480166554451,1768579211.8953576
0,445,-4.39975,0,0.0,2.131810849905014,1768579278.2429833
0,446,-4.08775,0,0.0,2.131810849905014,1768579278.2532065
1,451,-4.58675,0,0.0,2.121880487203598,1768579313.38562
1,452,-5.448,0,0.0,2.121880487203598,1768579313.3974135
0,447,-4.9102500000000004,0,0.0,2.1268807923793793,1768579379.5668132
0,448,-6.6615,0,0.0,2.1268807923793793,1768579379.5773103
1,453,-4.45825,0,0.0,2.119995167255402,1768579417.4923968
1,454,-3.708,0,0.0,2.119995167255402,1768579417.5089958
0,449,-4.7895,0,0.0,2.122869083881378,1768579484.6382806
0,450,-4.279999999999999,0,0.0,2.122869083881378,1768579484.6531816
1,455,-5.14875,0,0.0,2.1076186430454253,1768579519.5689595
1,456,-6.088,0,0.0,2.1076186430454253,1768579519.578934
0,451,-3.748,0,0.0,2.131987981796265,1768579587.2888277
0,452,-4.3845,0,0.0,2.131987981796265,1768579587.2986257
1,457,-4.5257499999999995,0,0.0,2.11030197262764,1768579624.8835044
1,458,-4.9405,0,0.0,2.11030197262764,1768579624.8956575
0,453,-4.054749999999999,0,0.0,2.1398578131198884,1768579692.5201266
0,454,-4.3805,0,0.0,2.1398578131198884,1768579692.5305638
1,459,-6.67125,0,0.0,2.1262313854694366,1768579727.576152
1,460,-5.1305,0,0.0,2.1262313854694366,1768579727.5857422
0,455,-3.73825,0,0.0,2.1477444767951965,1768579794.7191157
0,456,-4.279999999999999,0,0.0,2.1477444767951965,1768579794.7293293
0,457,25.25625,1,0.01,2.1490813910961153,1768579827.7330868
1,461,-5.54725,0,0.0,2.1031080865859986,1768579829.3973985
1,462,-5.53725,0,0.0,2.1031080865859986,1768579829.4086795
0,458,-5.0175,0,0.01,2.147037880420685,1768579900.2037294
1,463,-4.3774999999999995,0,0.0,2.1061652731895446,1768579930.994974
1,464,-2.87725,0,0.0,2.1061652731895446,1768579931.0073848
0,459,-4.89175,0,0.01,2.144584721326828,1768579932.895075
0,460,-4.3,0,0.01,2.130358407497406,1768580002.5883405
1,465,-5.51,0,0.0,2.118071653842926,1768580032.8846648
1,466,-4.307499999999999,0,0.0,2.118071653842926,1768580032.8947363
0,461,-4.103999999999999,0,0.01,2.1374383890628814,1768580038.1015253
0,462,-4.4405,0,0.01,2.1336128866672515,1768580107.8572712
1,467,-4.83575,0,0.0,2.1231780552864077,1768580135.0144928
1,468,-4.312749999999999,0,0.0,2.1231780552864077,1768580135.0280762
0,463,-3.9197500000000005,0,0.01,2.1328230261802674,1768580140.905898
0,464,-4.52125,0,0.01,2.1447169077396393,1768580212.774453
1,469,-5.3225,0,0.0,2.1293031072616575,1768580236.6462507
1,470,-6.2875,0,0.0,2.1293031072616575,1768580236.6612048
0,465,-4.229749999999999,0,0.01,2.1392547309398653,1768580245.9161258
0,466,-5.17275,0,0.01,2.1387177467346192,1768580315.7948918
1,471,-5.71425,0,0.0,2.101759234666824,1768580339.115992
1,472,-4.74075,0,0.0,2.101759234666824,1768580339.1270812
0,467,-5.40375,0,0.01,2.138805674314499,1768580351.6717706
0,468,-4.597250000000001,0,0.01,2.1426265358924867,1768580422.2466886
1,473,-3.132,0,0.0,2.1038631427288057,1768580442.0922327
1,474,-5.277749999999999,0,0.0,2.1038631427288057,1768580442.104356
0,469,-5.133749999999999,0,0.01,2.1336445951461793,1768580455.3624985
0,470,-4.92825,0,0.01,2.1286103558540344,1768580526.8836527
1,475,-2.7655000000000003,0,0.0,2.1096329414844512,1768580543.0126052
1,476,-6.097,0,0.0,2.1096329414844512,1768580543.0236526
0,471,-4.269,0,0.01,2.1234813606739045,1768580559.2265267
0,472,-4.889,0,0.01,2.1025269591808318,1768580627.7535994
1,477,-3.9145000000000003,0,0.0,2.1129484331607817,1768580643.1866205
1,478,-5.0905,0,0.0,2.1129484331607817,1768580643.1964083
0,473,-6.72275,0,0.01,2.1064461517333983,1768580662.952813
0,474,-3.918,0,0.01,2.114437861442566,1768580732.1347396
1,479,-6.10275,0,0.0,2.114084868431091,1768580744.4876823
1,480,-4.6055,0,0.0,2.114084868431091,1768580744.4975948
0,475,-4.4625,0,0.01,2.1093493509292602,1768580764.888279
0,476,-4.2915,0,0.01,2.1258379757404327,1768580836.8842268
1,481,-6.69225,0,0.0,2.107364571094513,1768580846.0338588
1,482,-4.68,0,0.0,2.107364571094513,1768580846.0436265
0,477,-4.337,0,0.01,2.128487961292267,1768580870.0194032
0,478,-5.67625,0,0.01,2.1415550661087037,1768580939.8634915
1,483,-3.9715000000000003,0,0.0,2.114196263551712,1768580948.284232
1,484,-3.52325,0,0.0,2.114196263551712,1768580948.296191
0,479,-6.69825,0,0.01,2.1594903922080992,1768580975.3737779
0,480,-3.50625,0,0.01,2.149341742992401,1768581045.2921357
1,485,-4.68375,0,0.0,2.110777497291565,1768581050.4195557
1,486,-4.86225,0,0.0,2.110777497291565,1768581050.4298468
0,481,-4.558,0,0.01,2.1573313486576082,1768581078.3203938
0,482,-5.36475,0,0.01,2.1598046815395353,1768581151.1803298
1,487,-6.65325,0,0.0,2.102771660089493,1768581153.1552315
1,488,-4.292,0,0.0,2.102771660089493,1768581153.1657934
0,483,-3.8385000000000002,0,0.01,2.1448155570030214,1768581184.0307555
1,489,-5.092499999999999,0,0.0,2.113416850566864,1768581255.2324557
1,490,-6.71975,0,0.0,2.113416850566864,1768581255.2424753
0,484,-5.37925,0,0.01,2.1586624443531037,1768581256.403925
0,485,-4.5095,0,0.01,2.150442202091217,1768581289.494339
1,491,-5.49775,0,0.0,2.118676791191101,1768581357.780099
1,492,-4.329249999999999,0,0.0,2.118676791191101,1768581357.791124
0,486,-5.342,0,0.01,2.136496822834015,1768581359.5173416
0,487,-4.6295,0,0.01,2.1445291340351105,1768581392.7441413
1,493,-4.8185,0,0.0,2.1165152847766877,1768581460.3979752
1,494,-6.2995,0,0.0,2.1165152847766877,1768581460.4107459
0,488,-3.67575,0,0.01,2.13102826833725,1768581465.451172
0,489,-4.6965,0,0.01,2.1335830128192903,1768581498.5049837
1,495,-5.8950000000000005,0,0.0,2.124723060131073,1768581563.4081285
1,496,-4.9910000000000005,0,0.0,2.124723060131073,1768581563.420091
0,490,-4.83225,0,0.01,2.1332124841213225,1768581568.860374
0,491,-6.6739999999999995,0,0.01,2.129278053045273,1768581604.8861847
1,497,-4.34075,0,0.0,2.129073778390884,1768581669.724601
1,498,-5.232749999999999,0,0.0,2.129073778390884,1768581669.7347414
0,492,-5.72175,0,0.01,2.1274664998054504,1768581675.7337308
0,493,-6.69375,0,0.01,2.129409385919571,1768581709.0601618
1,499,-5.151249999999999,0,0.0,2.129598820209503,1768581772.9405127
1,500,-4.962750000000001,0,0.0,2.129598820209503,1768581772.9561298
0,494,-5.0015,0,0.01,2.137233361005783,1768581782.4016304
0,495,-3.9855,0,0.01,2.1359049022197723,1768581815.6385303
1,501,-3.3495,0,0.0,2.1132089376449583,1768581879.6870892
1,502,-4.5995,0,0.0,2.1132089376449583,1768581879.6988258
0,496,-5.144749999999999,0,0.01,2.137607604265213,1768581886.1039965
0,497,-6.105,0,0.01,2.132311317920685,1768581922.1135094
1,503,-4.486,0,0.0,2.091855672597885,1768581983.0923526
1,504,-6.112,0,0.0,2.091855672597885,1768581983.1019523
0,498,-5.15175,0,0.01,2.1245530545711517,1768581992.703669
0,499,-4.5635,0,0.01,2.1273212599754334,1768582026.1699939
1,505,-3.82175,0,0.0,2.08164053440094,1768582087.1187696
1,506,-4.59725,0,0.0,2.08164053440094,1768582087.1288269
0,500,-6.05525,0,0.01,2.124432874917984,1768582100.1309175
0,501,-5.491,0,0.01,2.1249887692928313,1768582137.1417933
1,507,-4.1027499999999995,0,0.0,2.0904854094982146,1768582190.3785264
1,508,-5.122249999999999,0,0.0,2.0904854094982146,1768582190.3886688
0,502,-5.00375,0,0.01,2.107545552253723,1768582207.580644
0,503,-4.263999999999999,0,0.01,2.1104783833026888,1768582241.0507133
1,509,-4.066749999999999,0,0.0,2.105858076810837,1768582293.2600656
1,510,-3.44225,0,0.0,2.105858076810837,1768582293.2701232
0,504,-6.097,0,0.01,2.119646189212799,1768582313.5961566
0,505,-5.192,0,0.01,2.121746836900711,1768582346.468065
1,511,-4.5245,0,0.0,2.123041044473648,1768582395.3187218
1,512,-6.750249999999999,0,0.0,2.123041044473648,1768582395.3304782
0,506,-4.37,0,0.01,2.127893033027649,1768582418.979232
0,507,-4.343,0,0.01,2.1198795187473296,1768582451.9923294
1,513,-4.13775,0,0.0,2.1266823852062227,1768582497.6464193
1,514,-4.971,0,0.0,2.1266823852062227,1768582497.6596851
0,508,-4.98025,0,0.01,2.12595725774765,1768582524.5790734
0,509,-4.68225,0,0.01,2.1196288156509397,1768582557.6626108
1,515,-6.69175,0,0.0,2.0887430155277253,1768582600.1537828
1,516,-4.961250000000001,0,0.0,2.0887430155277253,1768582600.167834
0,510,-5.67675,0,0.01,2.131555677652359,1768582627.9415367
0,511,-5.044,0,0.01,2.130372557640076,1768582663.923817
1,517,-4.7635000000000005,0,0.0,2.0894435238838196,1768582702.8693106
1,518,-6.6842500000000005,0,0.0,2.0894435238838196,1768582702.8784583
0,512,-4.32925,0,0.01,2.132804387807846,1768582734.5307374
0,513,-4.94625,0,0.01,2.139669543504715,1768582770.6809788
1,519,-4.7875000000000005,0,0.0,2.0922638356685637,1768582806.6159668
1,520,-6.67625,0,0.0,2.0922638356685637,1768582806.627703
0,514,-4.612,0,0.01,2.142734661102295,1768582841.812153
0,515,-5.72525,0,0.01,2.1414191019535065,1768582875.2773519
1,521,-5.9005,0,0.0,2.082845573425293,1768582909.6563928
1,522,-3.6877500000000003,0,0.0,2.082845573425293,1768582909.666355
0,516,-4.48925,0,0.01,2.129312735795975,1768582947.8595967
0,517,-4.22875,0,0.01,2.1282223689556123,1768582980.9832706
1,523,-5.169,0,0.0,2.0829660522937776,1768583012.5568657
1,524,-4.1834999999999996,0,0.0,2.0829660522937776,1768583012.5703242
0,518,-4.0257499999999995,0,0.01,2.1191392707824708,1768583054.6254313
0,519,-4.621,0,0.01,2.1120999133586884,1768583088.6594748
1,525,-5.6775,0,0.0,2.0857809138298036,1768583119.3188927
1,526,-6.1232500000000005,0,0.0,2.0857809138298036,1768583119.3311677
0,520,-5.713,0,0.01,2.103971472978592,1768583161.2960858
0,521,-5.395499999999999,0,0.01,2.0954607141017916,1768583194.2787821
1,527,-5.0145,0,0.0,2.105737669467926,1768583221.6762488
1,528,-4.47525,0,0.0,2.105737669467926,1768583221.68585
0,522,-4.082999999999999,0,0.01,2.100341502428055,1768583264.2823973
0,523,-6.50375,0,0.01,2.1071036541461945,1768583300.4502356
1,529,-3.9345000000000003,0,0.0,2.110442087650299,1768583324.7908926
1,530,-3.8887500000000004,0,0.0,2.110442087650299,1768583324.8028405
0,524,-4.5715,0,0.01,2.114461740255356,1768583371.1657093
0,525,-5.6565,0,0.01,2.119136692285538,1768583404.685311
1,531,-3.2725,0,0.0,2.108808706998825,1768583428.3703241
1,532,-6.602,0,0.0,2.108808706998825,1768583428.3807847
0,526,-4.23375,0,0.01,2.1157827258110045,1768583478.5383818
0,527,-3.8652500000000005,0,0.01,2.1132447719573975,1768583512.0959382
1,533,-4.4435,0,0.0,2.1090297758579255,1768583532.317682
1,534,-4.655,0,0.0,2.1090297758579255,1768583532.3299375
0,528,-6.30025,0,0.01,2.1091111731529235,1768583586.096902
0,529,-4.7755,0,0.01,2.108588067293167,1768583619.7627656
1,535,-4.277,0,0.0,2.115999531745911,1768583636.5297978
1,536,-4.369,0,0.0,2.115999531745911,1768583636.540457
0,530,-4.2982499999999995,0,0.01,2.119314339160919,1768583693.1611724
0,531,-4.9485,0,0.01,2.1321452438831328,1768583726.655454
1,537,-4.34225,0,0.0,2.1208518815040587,1768583739.820426
1,538,-3.9567500000000004,0,0.0,2.1208518815040587,1768583739.8305082
0,532,-6.7375,0,0.01,2.1274818992614746,1768583797.3034103
0,533,-4.7322500000000005,0,0.01,2.1251135063171387,1768583833.4594576
1,539,-4.5275,0,0.0,2.1151122844219206,1768583843.2824085
1,540,-4.485,0,0.0,2.1151122844219206,1768583843.2942185
0,534,-6.335249999999999,0,0.01,2.1173942279815674,1768583903.8876557
0,535,-4.0482499999999995,0,0.01,2.113207938671112,1768583937.319744
1,541,-3.7327500000000002,0,0.0,2.12366375207901,1768583946.6168852
1,542,-5.4704999999999995,0,0.0,2.12366375207901,1768583946.6288242
0,536,-3.9195,0,0.01,2.1180871510505677,1768584010.9883003
0,537,-4.5975,0,0.01,2.1214570450782775,1768584044.8986483
1,543,-4.68,0,0.0,2.1056345069408415,1768584051.1898549
1,544,-3.9857500000000003,0,0.0,2.1056345069408415,1768584051.2018144
0,538,-5.497,0,0.01,2.1208590865135193,1768584116.3391054
0,539,-3.8570000000000007,0,0.01,2.123423810005188,1768584152.5598266
1,545,-5.286,0,0.0,2.0727623820304872,1768584155.2110403
1,546,-4.915500000000001,0,0.0,2.0727623820304872,1768584155.2257612
0,540,-3.5239999999999996,0,0.01,2.1138722014427187,1768584223.328306
0,541,-4.66525,0,0.01,2.110796982049942,1768584256.8767612
1,547,-5.367500000000001,0,0.0,2.080723514556885,1768584261.6707711
1,548,-4.4965,0,0.0,2.080723514556885,1768584261.6850061
0,542,-4.28025,0,0.01,2.1119436275959016,1768584330.5589445
0,543,-4.123749999999999,0,0.01,2.1146025359630585,1768584363.90243
1,549,-2.68175,0,0.0,2.1122914755344393,1768584365.3766239
1,550,-5.61725,0,0.0,2.1122914755344393,1768584365.3859148
0,544,-4.1765,0,0.01,2.114779031276703,1768584434.6827195
1,551,-4.9305,0,0.0,2.120861599445343,1768584469.1464539
1,552,-4.869750000000001,0,0.0,2.120861599445343,1768584469.1626122
0,545,-3.9070000000000005,0,0.01,2.1177244877815244,1768584470.8885963
0,546,-5.2822499999999994,0,0.01,2.1240828573703765,1768584542.2997935
1,553,-3.5957500000000007,0,0.0,2.1102635061740873,1768584573.4106796
1,554,-6.2989999999999995,0,0.0,2.1102635061740873,1768584573.4261487
0,547,-5.1175,0,0.01,2.118466683626175,1768584575.8683825
